Workbook
Name Tabella01AprileInverter: Tabella01MarzoInverter[]

Sheet PR_Calc
A1: PR CALCULATION
A2: 05 MAGGIO 2026 | BS2: 5 May 2026 PR Calculation
A3: Total VALUES | BN3: =COUNT(TabellaMar2026[[#All],[Colonna1]]) -> 96 | BS3: Total VALUES (4 values for each hour) | BW3: =+BN3 -> 96
A4: PVSyst PR for current month | BN4: 0.897 | BS4: Total values with POA>50 | BW4: =COUNTIF(H15:H110,">0") -> 48
A5: RAW PR | BN5: =((SUM(Tabella01MarzoInverter[[Active power TX1-INV-1]:[Active power TX1-INV-12]], Tabella01MarzoInverter[[Active power TX2-INV-1]:[Active power TX2-INV-12]], Tabella01MarzoInverter[[Active power TX3-INV-1]:[Active power TX3-INV-12]]) * 0.25) + SUM(AD$15:AD$110, AT$15:AT$110, BJ$15:BJ$110) ) / (12625 * (SUM($H$15:$H$110) * 0.25 / 1000)) -> 0.87094974 | BS5: PVSyst PR for current month | BW5: =+BN4*100 -> 89.7
A6: Irradiance Acceptance Rate [%] | BN6: 0.03 | BS6: RAW PR (calculated with each power and POA value) [%] | BW6: =+BN5*100 -> 87.094974
A7: Irradiance Minimum Value Accepted for calculation [%] | BN7: 50 | BS7: Average of each PR [%] | BW7: =AVERAGE(TabellaMar2026[[#Totals],[Colonna24]:[Colonna20]],TabellaMar2026[[#Totals],[Colonna39]:[Colonna6]],TabellaMar2026[[#Totals],[Colonna54]:[Colonna53]])*100 -> 87.142781
A8: NOMINAL VALUES | BS8: PR from SCADA [%] | BW8: 87.094974
A9: TX.INV | O9: 1.1 | P9: 1.2 | Q9: 1.3 | R9: 1.4 | S9: 1.5 | T9: 1.6 | U9: 1.7 | V9: 1.8 | W9: 1.9 | X9: 1.10 | Y9: 1.11 | Z9: 1.12 | AE9: 2.1 | AF9: 2.2 | AG9: 2.3 | AH9: 2.4 | AI9: 2.5 | AJ9: 2.6 | AK9: 2.7 | AL9: 2.8 | AM9: 2.9 | AN9: 2.10 | AO9: 2.11 | AP9: 2.12 | AU9: 3.1 | AV9: 3.2 | AW9: 3.3 | AX9: 3.4 | AY9: 3.5 | AZ9: 3.6 | BA9: 3.7 | BB9: 3.8 | BC9: 3.9 | BD9: 3.10 | BE9: 3.11 | BF9: 3.12 | BS9: Irradiance Acceptance Rate (for average between sensors)[%] | BW9: =+BN6*100 -> 3
A10: Potenza nominale DC | O10: 343.75 | P10: 343.75 | Q10: 343.75 | R10: 343.75 | S10: 343.75 | T10: 343.75 | U10: 343.75 | V10: 359.375 | W10: 359.375 | X10: 359.375 | Y10: 359.375 | Z10: 343.75 | AE10: 328.125 | AF10: 343.75 | AG10: 343.75 | AH10: 328.125 | AI10: 328.125 | AJ10: 359.375 | AK10: 343.75 | AL10: 359.375 | AM10: 359.375 | AN10: 343.75 | AO10: 359.375 | AP10: 359.375 | AU10: 359.375 | AV10: 359.375 | AW10: 359.375 | AX10: 359.375 | AY10: 359.375 | AZ10: 359.375 | BA10: 359.375 | BB10: 359.375 | BC10: 359.375 | BD10: 359.375 | BE10: 359.375 | BF10: 328.125 | BS10: Irradiance Minimum Value Accepted for calculation | BW10: =+BN7 -> 50
A11: Potenza nominale AC | O11: 320 | P11: 320 | Q11: 320 | R11: 320 | S11: 320 | T11: 320 | U11: 320 | V11: 320 | W11: 320 | X11: 320 | Y11: 320 | Z11: 320 | AE11: 320 | AF11: 320 | AG11: 320 | AH11: 320 | AI11: 320 | AJ11: 320 | AK11: 320 | AL11: 320 | AM11: 320 | AN11: 320 | AO11: 320 | AP11: 320 | AU11: 320 | AV11: 320 | AW11: 320 | AX11: 320 | AY11: 320 | AZ11: 320 | BA11: 320 | BB11: 320 | BC11: 320 | BD11: 320 | BE11: 320 | BF11: 320
A14: Dati | B14: ORA | C14: Irradiance TX1 [W/m2] A | D14: Irradiance TX1 [KWh/m2] A | E14: Irradiance TX3 [W/m2] B | F14: Irradiance TX3 [KWh/m2] B | G14: Irradiance Avg [KWh/m2] C = (A-B)/2 | H14: Irradiance Average>50 [W/m2] | I14: Irradiance Conditional MAX [KWh/m2] | J14: Difference [%] (B-A)/C | K14: Meter Reading (Previous day) D | L14: Meter Reading (Current day) E | M14: Energia attiva prod. (export meter) [kWh] F = (E - D)*1000 | N14: Potenza Attiva Limit Ratio | O14: Inverter status TX1-INV-1 | P14: Inverter status TX1-INV-2 | Q14: Inverter status TX1-INV-3 | R14: Inverter status TX1-INV-4 | S14: Inverter status TX1-INV-5 | T14: Inverter status TX1-INV-6 | U14: Inverter status TX1-INV-7 | V14: Inverter status TX1-INV-8 | W14: Inverter status TX1-INV-9 | X14: Inverter status TX1-INV-10 | Y14: Inverter status TX1-INV-11 | Z14: Inverter status TX1-INV-12 | AA14: Energy Loss for TX1 kW/H | AB14: Inverter status TX2-INV-1 | AC14: Inverter status TX2-INV-2 | AD14: TX1 Total loss | AE14: Inverter status TX2-INV-1 | AF14: Inverter status TX2-INV-2 | AG14: Inverter status TX2-INV-3 | AH14: Inverter status TX2-INV-4 | AI14: Inverter status TX2-INV-5 | AJ14: Inverter status TX2-INV-6 | AK14: Inverter status TX2-INV-7 | AL14: Inverter status TX2-INV-8 | AM14: Inverter status TX2-INV-9 | AN14: Inverter status TX2-INV-10 | AO14: Inverter status TX2-INV-11 | AP14: Inverter status TX2-INV-12 | AQ14: TX2 - Average Power | AR14: TX2 - Max Power | AS14: TX2 - Min Power | AT14: Enegy Loss for TX2 kW/H | AU14: Inverter status TX3-INV-1 | AV14: Inverter status TX3-INV-2 | AW14: Inverter status TX3-INV-3 | AX14: Inverter status TX3-INV-4 | AY14: Inverter status TX3-INV-5 | AZ14: Inverter status TX3-INV-6 | BA14: Inverter status TX3-INV-7 | BB14: Inverter status TX3-INV-8 | BC14: Inverter status TX3-INV-9 | BD14: Inverter status TX3-INV-10 | BE14: Inverter status TX3-INV-11 | BF14: Inverter status TX3-INV-12 | BG14: TX3 - Average Power | BH14: TX3 - Max Power | BI14: TX3 - Min Power | BJ14: Enegy Loss for TX3 kW/H | BK14: Normal PR calculation | BL14: Compensated PR | BM14: inverter sum test | BN14: Internal Availability [%] | BO14: External Availability [%] | BP14: PR after adjustments
A15: 46147 | B15: 00:00:00.000 | C15: -1 | D15: -0.00025 | E15: 0 | F15: 0 | G15: =IFERROR((D15+F15)/2, 0) -> -0.000125 | H15: =IFERROR(IF(AVERAGE(C15,E15)>$BN$7,AVERAGE(C15,E15),0), 0) -> 0 | I15: =IFERROR(IF(AND(D15=0,F15=0),0,IF(H15>$BN$6,MAX(D15,F15),G15)), 0) -> -0.000125 | J15: =IFERROR(IF(AND(D15>0,F15>0),ABS(D15-F15)/AVERAGE(D15,F15),0), 0) -> 0 | K15: 30386.2 | L15: 30386.2 | M15: =IFERROR((L15-K15)*1000, 0) -> 0 | N15: 0.876 | O15: {=IF( AND($H15 > $BN$7, Tabella01MarzoInverter[[#This Row],[Active power TX1-INV-1]] <= 0), IF( Tabella01MarzoInverter[[#This Row],[TX1 - Average Power]:[TX1 - Average Power]] > 0, Tabella01MarzoInverter[[#This Row],[TX1 - Average Power]:[TX1 - Average Power]] * 0.25, ($H15 / 1000) * O$10 * $BN$4 * 0.25 ), 0 ) + IF( $N15 < 0.875, MAX(0, MIN(($H15 / 1000) * O$10 * $BN$4, O$11 * 0.876) - (O$11 * $N15)) * 0.25, 0 )} -> 0 | P15: {=IF( AND($H15 > $BN$7, Tabella01MarzoInverter[[#This Row],[Active power TX1-INV-2]] <= 0), IF( Tabella01MarzoInverter[[#This Row],[TX1 - Average Power]:[TX1 - Average Power]] > 0, Tabella01MarzoInverter[[#This Row],[TX1 - Average Power]:[TX1 - Average Power]] * 0.25, ($H15 / 1000) * P$10 * $BN$4 * 0.25 ), 0 ) + IF( $N15 < 0.875, MAX(0, MIN(($H15 / 1000) * P$10 * $BN$4, P$11 * 0.876) - (P$11 * $N15)) * 0.25, 0 )} -> 0 | Q15: {=IF( AND($H15 > $BN$7, Tabella01MarzoInverter[[#This Row],[Active power TX1-INV-3]] <= 0), IF( Tabella01MarzoInverter[[#This Row],[TX1 - Average Power]:[TX1 - Average Power]] > 0, Tabella01MarzoInverter[[#This Row],[TX1 - Average Power]:[TX1 - Average Power]] * 0.25, ($H15 / 1000) * Q$10 * $BN$4 * 0.25 ), 0 ) + IF( $N15 < 0.875, MAX(0, MIN(($H15 / 1000) * Q$10 * $BN$4, Q$11 * 0.876) - (Q$11 * $N15)) * 0.25, 0 )} -> 0 | R15: {=IF( AND($H15 > $BN$7, Tabella01MarzoInverter[[#This Row],[Active power TX1-INV-4]] <= 0), IF( Tabella01MarzoInverter[[#This Row],[TX1 - Average Power]:[TX1 - Average Power]] > 0, Tabella01MarzoInverter[[#This Row],[TX1 - Average Power]:[TX1 - Average Power]] * 0.25, ($H15 / 1000) * R$10 * $BN$4 * 0.25 ), 0 ) + IF( $N15 < 0.875, MAX(0, MIN(($H15 / 1000) * R$10 * $BN$4, R$11 * 0.876) - (R$11 * $N15)) * 0.25, 0 )} -> 0 | S15: {=IF( AND($H15 > $BN$7, Tabella01MarzoInverter[[#This Row],[Active power TX1-INV-5]] <= 0), IF( Tabella01MarzoInverter[[#This Row],[TX1 - Average Power]:[TX1 - Average Power]] > 0, Tabella01MarzoInverter[[#This Row],[TX1 - Average Power]:[TX1 - Average Power]] * 0.25, ($H15 / 1000) * S$10 * $BN$4 * 0.25 ), 0 ) + IF( $N15 < 0.875, MAX(0, MIN(($H15 / 1000) * S$10 * $BN$4, S$11 * 0.876) - (S$11 * $N15)) * 0.25, 0 )} -> 0 | T15: {=IF( AND($H15 > $BN$7, Tabella01MarzoInverter[[#This Row],[Active power TX1-INV-6]] <= 0), IF( Tabella01MarzoInverter[[#This Row],[TX1 - Average Power]:[TX1 - Average Power]] > 0, Tabella01MarzoInverter[[#This Row],[TX1 - Average Power]:[TX1 - Average Power]] * 0.25, ($H15 / 1000) * T$10 * $BN$4 * 0.25 ), 0 ) + IF( $N15 < 0.875, MAX(0, MIN(($H15 / 1000) * T$10 * $BN$4, T$11 * 0.876) - (T$11 * $N15)) * 0.25, 0 )} -> 0 | U15: {=IF( AND($H15 > $BN$7, Tabella01MarzoInverter[[#This Row],[Active power TX1-INV-7]] <= 0), IF( Tabella01MarzoInverter[[#This Row],[TX1 - Average Power]:[TX1 - Average Power]] > 0, Tabella01MarzoInverter[[#This Row],[TX1 - Average Power]:[TX1 - Average Power]] * 0.25, ($H15 / 1000) * U$10 * $BN$4 * 0.25 ), 0 ) + IF( $N15 < 0.875, MAX(0, MIN(($H15 / 1000) * U$10 * $BN$4, U$11 * 0.876) - (U$11 * $N15)) * 0.25, 0 )} -> 0 | V15: {=IF( AND($H15 > $BN$7, Tabella01MarzoInverter[[#This Row],[Active power TX1-INV-8]] <= 0), IF( Tabella01MarzoInverter[[#This Row],[TX1 - Average Power]:[TX1 - Average Power]] > 0, Tabella01MarzoInverter[[#This Row],[TX1 - Average Power]:[TX1 - Average Power]] * 0.25, ($H15 / 1000) * V$10 * $BN$4 * 0.25 ), 0 ) + IF( $N15 < 0.875, MAX(0, MIN(($H15 / 1000) * V$10 * $BN$4, V$11 * 0.876) - (V$11 * $N15)) * 0.25, 0 )} -> 0 | W15: {=IF( AND($H15 > $BN$7, Tabella01MarzoInverter[[#This Row],[Active power TX1-INV-9]] <= 0), IF( Tabella01MarzoInverter[[#This Row],[TX1 - Average Power]:[TX1 - Average Power]] > 0, Tabella01MarzoInverter[[#This Row],[TX1 - Average Power]:[TX1 - Average Power]] * 0.25, ($H15 / 1000) * W$10 * $BN$4 * 0.25 ), 0 ) + IF( $N15 < 0.875, MAX(0, MIN(($H15 / 1000) * W$10 * $BN$4, W$11 * 0.876) - (W$11 * $N15)) * 0.25, 0 )} -> 0 | X15: {=IF( AND($H15 > $BN$7, Tabella01MarzoInverter[[#This Row],[Active power TX1-INV-10]] <= 0), IF( Tabella01MarzoInverter[[#This Row],[TX1 - Average Power]:[TX1 - Average Power]] > 0, Tabella01MarzoInverter[[#This Row],[TX1 - Average Power]:[TX1 - Average Power]] * 0.25, ($H15 / 1000) * X$10 * $BN$4 * 0.25 ), 0 ) + IF( $N15 < 0.875, MAX(0, MIN(($H15 / 1000) * X$10 * $BN$4, X$11 * 0.876) - (X$11 * $N15)) * 0.25, 0 )} -> 0 | Y15: {=IF( AND($H15 > $BN$7, Tabella01MarzoInverter[[#This Row],[Active power TX1-INV-11]] <= 0), IF( Tabella01MarzoInverter[[#This Row],[TX1 - Average Power]:[TX1 - Average Power]] > 0, Tabella01MarzoInverter[[#This Row],[TX1 - Average Power]:[TX1 - Average Power]] * 0.25, ($H15 / 1000) * Y$10 * $BN$4 * 0.25 ), 0 ) + IF( $N15 < 0.875, MAX(0, MIN(($H15 / 1000) * Y$10 * $BN$4, Y$11 * 0.876) - (Y$11 * $N15)) * 0.25, 0 )} -> 0 | Z15: {=IF( AND($H15 > $BN$7, Tabella01MarzoInverter[[#This Row],[Active power TX1-INV-12]] <= 0), IF( Tabella01MarzoInverter[[#This Row],[TX1 - Average Power]:[TX1 - Average Power]] > 0, Tabella01MarzoInverter[[#This Row],[TX1 - Average Power]:[TX1 - Average Power]] * 0.25, ($H15 / 1000) * Z$10 * $BN$4 * 0.25 ), 0 ) + IF( $N15 < 0.875, MAX(0, MIN(($H15 / 1000) * Z$10 * $BN$4, Z$11 * 0.876) - (Z$11 * $N15)) * 0.25, 0 )} -> 0 | AA15: {=IF( AND($H15 > $BN$7, Tabella01MarzoInverter[[#This Row],[TX1 - Average Power]] <= 0), IF( Tabella01MarzoInverter[[#This Row],[TX1 - Average Power]:[TX1 - Average Power]] > 0, Tabella01MarzoInverter[[#This Row],[TX1 - Average Power]:[TX1 - Average Power]] * 0.25, ($H15 / 1000) * AA$10 * $BN$4 * 0.25 ), 0 ) + IF( $N15 < 0.875, MAX(0, MIN(($H15 / 1000) * AA$10 * $BN$4, AA$11 * 0.876) - (AA$11 * $N15)) * 0.25, 0 )} -> 0 | AB15: {=IF( AND($H15 > $BN$7, Tabella01MarzoInverter[[#This Row],[TX1 - Max Power]] <= 0), IF( Tabella01MarzoInverter[[#This Row],[TX1 - Average Power]:[TX1 - Average Power]] > 0, Tabella01MarzoInverter[[#This Row],[TX1 - Average Power]:[TX1 - Average Power]] * 0.25, ($H15 / 1000) * AB$10 * $BN$4 * 0.25 ), 0 ) + IF( $N15 < 0.875, MAX(0, MIN(($H15 / 1000) * AB$10 * $BN$4, AB$11 * 0.876) - (AB$11 * $N15)) * 0.25, 0 )} -> 0 | AC15: {=IF( AND($H15 > $BN$7, Tabella01MarzoInverter[[#This Row],[TX1 - Min Power]] <= 0), IF( Tabella01MarzoInverter[[#This Row],[TX1 - Average Power]:[TX1 - Average Power]] > 0, Tabella01MarzoInverter[[#This Row],[TX1 - Average Power]:[TX1 - Average Power]] * 0.25, ($H15 / 1000) * AC$10 * $BN$4 * 0.25 ), 0 ) + IF( $N15 < 0.875, MAX(0, MIN(($H15 / 1000) * AC$10 * $BN$4, AC$11 * 0.876) - (AC$11 * $N15)) * 0.25, 0 )} -> 0 | AD15: =SUM(TabellaMar2026[[#This Row],[Colonna24]:[Colonna20]]) -> 0 | AE15: =IF( AND($H15 > $BN$7, Tabella01MarzoInverter[[#This Row],[Active power TX2-INV-1]] <= 0, Tabella01MarzoInverter[[#This Row],[TX2 - Average Power]] <= 0), MIN(($H15 / 1000) * AE$10 * $BN$4, AE$11 * 0.876) * 0.25, IF( AND($H15 > $BN$7, Tabella01MarzoInverter[[#This Row],[Active power TX2-INV-1]] <= 0), Tabella01MarzoInverter[[#This Row],[TX2 - Average Power]] * 0.25, 0 ) + IF( $N15 < 0.875, MAX(0, MIN(($H15 / 1000) * AE$10 * $BN$4, AE$11 * 0.876) - (AE$11 * $N15)) * 0.25, 0 ) ) -> 0 | AF15: =IF( AND($H15 > $BN$7, Tabella01MarzoInverter[[#This Row],[Active power TX2-INV-2]] <= 0, Tabella01MarzoInverter[[#This Row],[TX2 - Max Power]] <= 0), MIN(($H15 / 1000) * AF$10 * $BN$4, AF$11 * 0.876) * 0.25, IF( AND($H15 > $BN$7, Tabella01MarzoInverter[[#This Row],[Active power TX2-INV-2]] <= 0), Tabella01MarzoInverter[[#This Row],[TX2 - Max Power]] * 0.25, 0 ) + IF( $N15 < 0.875, MAX(0, MIN(($H15 / 1000) * AF$10 * $BN$4, AF$11 * 0.876) - (AF$11 * $N15)) * 0.25, 0 ) ) -> 0 | AG15: =IF( AND($H15 > $BN$7, Tabella01MarzoInverter[[#This Row],[Active power TX2-INV-3]] <= 0, Tabella01MarzoInverter[[#This Row],[TX2 - Min Power]] <= 0), MIN(($H15 / 1000) * AG$10 * $BN$4, AG$11 * 0.876) * 0.25, IF( AND($H15 > $BN$7, Tabella01MarzoInverter[[#This Row],[Active power TX2-INV-3]] <= 0), Tabella01MarzoInverter[[#This Row],[TX2 - Min Power]] * 0.25, 0 ) + IF( $N15 < 0.875, MAX(0, MIN(($H15 / 1000) * AG$10 * $BN$4, AG$11 * 0.876) - (AG$11 * $N15)) * 0.25, 0 ) ) -> 0 | AH15: =IF( AND($H15 > $BN$7, Tabella01MarzoInverter[[#This Row],[Active power TX2-INV-4]] <= 0, Tabella01MarzoInverter[[#This Row],[Active power TX3-INV-1]] <= 0), MIN(($H15 / 1000) * AH$10 * $BN$4, AH$11 * 0.876) * 0.25, IF( AND($H15 > $BN$7, Tabella01MarzoInverter[[#This Row],[Active power TX2-INV-4]] <= 0), Tabella01MarzoInverter[[#This Row],[Active power TX3-INV-1]] * 0.25, 0 ) + IF( $N15 < 0.875, MAX(0, MIN(($H15 / 1000) * AH$10 * $BN$4, AH$11 * 0.876) - (AH$11 * $N15)) * 0.25, 0 ) ) -> 0 | AI15: =IF( AND($H15 > $BN$7, Tabella01MarzoInverter[[#This Row],[Active power TX2-INV-5]] <= 0, Tabella01MarzoInverter[[#This Row],[Active power TX3-INV-2]] <= 0), MIN(($H15 / 1000) * AI$10 * $BN$4, AI$11 * 0.876) * 0.25, IF( AND($H15 > $BN$7, Tabella01MarzoInverter[[#This Row],[Active power TX2-INV-5]] <= 0), Tabella01MarzoInverter[[#This Row],[Active power TX3-INV-2]] * 0.25, 0 ) + IF( $N15 < 0.875, MAX(0, MIN(($H15 / 1000) * AI$10 * $BN$4, AI$11 * 0.876) - (AI$11 * $N15)) * 0.25, 0 ) ) -> 0 | AJ15: =IF( AND($H15 > $BN$7, Tabella01MarzoInverter[[#This Row],[Active power TX2-INV-6]] <= 0, Tabella01MarzoInverter[[#This Row],[Active power TX3-INV-3]] <= 0), MIN(($H15 / 1000) * AJ$10 * $BN$4, AJ$11 * 0.876) * 0.25, IF( AND($H15 > $BN$7, Tabella01MarzoInverter[[#This Row],[Active power TX2-INV-6]] <= 0), Tabella01MarzoInverter[[#This Row],[Active power TX3-INV-3]] * 0.25, 0 ) + IF( $N15 < 0.875, MAX(0, MIN(($H15 / 1000) * AJ$10 * $BN$4, AJ$11 * 0.876) - (AJ$11 * $N15)) * 0.25, 0 ) ) -> 0 | AK15: =IF( AND($H15 > $BN$7, Tabella01MarzoInverter[[#This Row],[Active power TX2-INV-7]] <= 0, Tabella01MarzoInverter[[#This Row],[Active power TX3-INV-4]] <= 0), MIN(($H15 / 1000) * AK$10 * $BN$4, AK$11 * 0.876) * 0.25, IF( AND($H15 > $BN$7, Tabella01MarzoInverter[[#This Row],[Active power TX2-INV-7]] <= 0), Tabella01MarzoInverter[[#This Row],[Active power TX3-INV-4]] * 0.25, 0 ) + IF( $N15 < 0.875, MAX(0, MIN(($H15 / 1000) * AK$10 * $BN$4, AK$11 * 0.876) - (AK$11 * $N15)) * 0.25, 0 ) ) -> 0 | AL15: =IF( AND($H15 > $BN$7, Tabella01MarzoInverter[[#This Row],[Active power TX2-INV-8]] <= 0, Tabella01MarzoInverter[[#This Row],[Active power TX3-INV-5]] <= 0), MIN(($H15 / 1000) * AL$10 * $BN$4, AL$11 * 0.876) * 0.25, IF( AND($H15 > $BN$7, Tabella01MarzoInverter[[#This Row],[Active power TX2-INV-8]] <= 0), Tabella01MarzoInverter[[#This Row],[Active power TX3-INV-5]] * 0.25, 0 ) + IF( $N15 < 0.875, MAX(0, MIN(($H15 / 1000) * AL$10 * $BN$4, AL$11 * 0.876) - (AL$11 * $N15)) * 0.25, 0 ) ) -> 0 | AM15: =IF( AND($H15 > $BN$7, Tabella01MarzoInverter[[#This Row],[Active power TX2-INV-9]] <= 0, Tabella01MarzoInverter[[#This Row],[Active power TX3-INV-6]] <= 0), MIN(($H15 / 1000) * AM$10 * $BN$4, AM$11 * 0.876) * 0.25, IF( AND($H15 > $BN$7, Tabella01MarzoInverter[[#This Row],[Active power TX2-INV-9]] <= 0), Tabella01MarzoInverter[[#This Row],[Active power TX3-INV-6]] * 0.25, 0 ) + IF( $N15 < 0.875, MAX(0, MIN(($H15 / 1000) * AM$10 * $BN$4, AM$11 * 0.876) - (AM$11 * $N15)) * 0.25, 0 ) ) -> 0 | AN15: =IF( AND($H15 > $BN$7, Tabella01MarzoInverter[[#This Row],[Active power TX2-INV-10]] <= 0, Tabella01MarzoInverter[[#This Row],[Active power TX3-INV-7]] <= 0), MIN(($H15 / 1000) * AN$10 * $BN$4, AN$11 * 0.876) * 0.25, IF( AND($H15 > $BN$7, Tabella01MarzoInverter[[#This Row],[Active power TX2-INV-10]] <= 0), Tabella01MarzoInverter[[#This Row],[Active power TX3-INV-7]] * 0.25, 0 ) + IF( $N15 < 0.875, MAX(0, MIN(($H15 / 1000) * AN$10 * $BN$4, AN$11 * 0.876) - (AN$11 * $N15)) * 0.25, 0 ) ) -> 0 | AO15: =IF( AND($H15 > $BN$7, Tabella01MarzoInverter[[#This Row],[Active power TX2-INV-11]] <= 0, Tabella01MarzoInverter[[#This Row],[Active power TX3-INV-8]] <= 0), MIN(($H15 / 1000) * AO$10 * $BN$4, AO$11 * 0.876) * 0.25, IF( AND($H15 > $BN$7, Tabella01MarzoInverter[[#This Row],[Active power TX2-INV-11]] <= 0), Tabella01MarzoInverter[[#This Row],[Active power TX3-INV-8]] * 0.25, 0 ) + IF( $N15 < 0.875, MAX(0, MIN(($H15 / 1000) * AO$10 * $BN$4, AO$11 * 0.876) - (AO$11 * $N15)) * 0.25, 0 ) ) -> 0 | AP15: =IF( AND($H15 > $BN$7, Tabella01MarzoInverter[[#This Row],[Active power TX2-INV-12]] <= 0, Tabella01MarzoInverter[[#This Row],[Active power TX3-INV-9]] <= 0), MIN(($H15 / 1000) * AP$10 * $BN$4, AP$11 * 0.876) * 0.25, IF( AND($H15 > $BN$7, Tabella01MarzoInverter[[#This Row],[Active power TX2-INV-12]] <= 0), Tabella01MarzoInverter[[#This Row],[Active power TX3-INV-9]] * 0.25, 0 ) + IF( $N15 < 0.875, MAX(0, MIN(($H15 / 1000) * AP$10 * $BN$4, AP$11 * 0.876) - (AP$11 * $N15)) * 0.25, 0 ) ) -> 0 | AQ15: =AVERAGE(TabellaMar2026[[#This Row],[Colonna39]:[Colonna6]]) -> 0 | AR15: =MAX(TabellaMar2026[[#This Row],[Colonna39]:[Colonna6]]) -> 0 | AS15: =MIN(TabellaMar2026[[#This Row],[Colonna39]:[Colonna6]]) -> 0 | AT15: =SUM(TabellaMar2026[[#This Row],[Colonna39]:[Colonna6]]) -> 0 | AU15: {=IF( AND($H15 > $BN$7, Tabella01MarzoInverter[[#This Row],[Active power TX3-INV-1]] <= 0), IF( Tabella01MarzoInverter[[#This Row],[TX3 - Average Power]:[TX3 - Average Power]] > 0, Tabella01MarzoInverter[[#This Row],[TX3 - Average Power]:[TX3 - Average Power]] * 0.25, ($H15 / 1000) * AU$10 * $BN$4 * 0.25 ), 0 ) + IF( $N15 < 0.875, MAX(0, MIN(($H15 / 1000) * AU$10 * $BN$4, AU$11 * 0.876) - (AU$11 * $N15)) * 0.25, 0 )} -> 0 | AV15: {=IF( AND($H15 > $BN$7, Tabella01MarzoInverter[[#This Row],[Active power TX3-INV-2]] <= 0), IF( Tabella01MarzoInverter[[#This Row],[TX3 - Average Power]:[TX3 - Average Power]] > 0, Tabella01MarzoInverter[[#This Row],[TX3 - Average Power]:[TX3 - Average Power]] * 0.25, ($H15 / 1000) * AV$10 * $BN$4 * 0.25 ), 0 ) + IF( $N15 < 0.875, MAX(0, MIN(($H15 / 1000) * AV$10 * $BN$4, AV$11 * 0.876) - (AV$11 * $N15)) * 0.25, 0 )} -> 0 | AW15: {=IF( AND($H15 > $BN$7, Tabella01MarzoInverter[[#This Row],[Active power TX3-INV-3]] <= 0), IF( Tabella01MarzoInverter[[#This Row],[TX3 - Average Power]:[TX3 - Average Power]] > 0, Tabella01MarzoInverter[[#This Row],[TX3 - Average Power]:[TX3 - Average Power]] * 0.25, ($H15 / 1000) * AW$10 * $BN$4 * 0.25 ), 0 ) + IF( $N15 < 0.875, MAX(0, MIN(($H15 / 1000) * AW$10 * $BN$4, AW$11 * 0.876) - (AW$11 * $N15)) * 0.25, 0 )} -> 0 | AX15: {=IF( AND($H15 > $BN$7, Tabella01MarzoInverter[[#This Row],[Active power TX3-INV-4]] <= 0), IF( Tabella01MarzoInverter[[#This Row],[TX3 - Average Power]:[TX3 - Average Power]] > 0, Tabella01MarzoInverter[[#This Row],[TX3 - Average Power]:[TX3 - Average Power]] * 0.25, ($H15 / 1000) * AX$10 * $BN$4 * 0.25 ), 0 ) + IF( $N15 < 0.875, MAX(0, MIN(($H15 / 1000) * AX$10 * $BN$4, AX$11 * 0.876) - (AX$11 * $N15)) * 0.25, 0 )} -> 0 | AY15: {=IF( AND($H15 > $BN$7, Tabella01MarzoInverter[[#This Row],[Active power TX3-INV-5]] <= 0), IF( Tabella01MarzoInverter[[#This Row],[TX3 - Average Power]:[TX3 - Average Power]] > 0, Tabella01MarzoInverter[[#This Row],[TX3 - Average Power]:[TX3 - Average Power]] * 0.25, ($H15 / 1000) * AY$10 * $BN$4 * 0.25 ), 0 ) + IF( $N15 < 0.875, MAX(0, MIN(($H15 / 1000) * AY$10 * $BN$4, AY$11 * 0.876) - (AY$11 * $N15)) * 0.25, 0 )} -> 0 | AZ15: {=IF( AND($H15 > $BN$7, Tabella01MarzoInverter[[#This Row],[Active power TX3-INV-6]] <= 0), IF( Tabella01MarzoInverter[[#This Row],[TX3 - Average Power]:[TX3 - Average Power]] > 0, Tabella01MarzoInverter[[#This Row],[TX3 - Average Power]:[TX3 - Average Power]] * 0.25, ($H15 / 1000) * AZ$10 * $BN$4 * 0.25 ), 0 ) + IF( $N15 < 0.875, MAX(0, MIN(($H15 / 1000) * AZ$10 * $BN$4, AZ$11 * 0.876) - (AZ$11 * $N15)) * 0.25, 0 )} -> 0 | BA15: {=IF( AND($H15 > $BN$7, Tabella01MarzoInverter[[#This Row],[Active power TX3-INV-7]] <= 0), IF( Tabella01MarzoInverter[[#This Row],[TX3 - Average Power]:[TX3 - Average Power]] > 0, Tabella01MarzoInverter[[#This Row],[TX3 - Average Power]:[TX3 - Average Power]] * 0.25, ($H15 / 1000) * BA$10 * $BN$4 * 0.25 ), 0 ) + IF( $N15 < 0.875, MAX(0, MIN(($H15 / 1000) * BA$10 * $BN$4, BA$11 * 0.876) - (BA$11 * $N15)) * 0.25, 0 )} -> 0 | BB15: {=IF( AND($H15 > $BN$7, Tabella01MarzoInverter[[#This Row],[Active power TX3-INV-8]] <= 0), IF( Tabella01MarzoInverter[[#This Row],[TX3 - Average Power]:[TX3 - Average Power]] > 0, Tabella01MarzoInverter[[#This Row],[TX3 - Average Power]:[TX3 - Average Power]] * 0.25, ($H15 / 1000) * BB$10 * $BN$4 * 0.25 ), 0 ) + IF( $N15 < 0.875, MAX(0, MIN(($H15 / 1000) * BB$10 * $BN$4, BB$11 * 0.876) - (BB$11 * $N15)) * 0.25, 0 )} -> 0 | BC15: {=IF( AND($H15 > $BN$7, Tabella01MarzoInverter[[#This Row],[Active power TX3-INV-9]] <= 0), IF( Tabella01MarzoInverter[[#This Row],[TX3 - Average Power]:[TX3 - Average Power]] > 0, Tabella01MarzoInverter[[#This Row],[TX3 - Average Power]:[TX3 - Average Power]] * 0.25, ($H15 / 1000) * BC$10 * $BN$4 * 0.25 ), 0 ) + IF( $N15 < 0.875, MAX(0, MIN(($H15 / 1000) * BC$10 * $BN$4, BC$11 * 0.876) - (BC$11 * $N15)) * 0.25, 0 )} -> 0 | BD15: {=IF( AND($H15 > $BN$7, Tabella01MarzoInverter[[#This Row],[Active power TX3-INV-10]] <= 0), IF( Tabella01MarzoInverter[[#This Row],[TX3 - Average Power]:[TX3 - Average Power]] > 0, Tabella01MarzoInverter[[#This Row],[TX3 - Average Power]:[TX3 - Average Power]] * 0.25, ($H15 / 1000) * BD$10 * $BN$4 * 0.25 ), 0 ) + IF( $N15 < 0.875, MAX(0, MIN(($H15 / 1000) * BD$10 * $BN$4, BD$11 * 0.876) - (BD$11 * $N15)) * 0.25, 0 )} -> 0 | BE15: {=IF( AND($H15 > $BN$7, Tabella01MarzoInverter[[#This Row],[Active power TX3-INV-11]] <= 0), IF( Tabella01MarzoInverter[[#This Row],[TX3 - Average Power]:[TX3 - Average Power]] > 0, Tabella01MarzoInverter[[#This Row],[TX3 - Average Power]:[TX3 - Average Power]] * 0.25, ($H15 / 1000) * BE$10 * $BN$4 * 0.25 ), 0 ) + IF( $N15 < 0.875, MAX(0, MIN(($H15 / 1000) * BE$10 * $BN$4, BE$11 * 0.876) - (BE$11 * $N15)) * 0.25, 0 )} -> 0 | BF15: {=IF( AND($H15 > $BN$7, Tabella01MarzoInverter[[#This Row],[Active power TX3-INV-12]] <= 0), IF( Tabella01MarzoInverter[[#This Row],[TX3 - Average Power]:[TX3 - Average Power]] > 0, Tabella01MarzoInverter[[#This Row],[TX3 - Average Power]:[TX3 - Average Power]] * 0.25, ($H15 / 1000) * BF$10 * $BN$4 * 0.25 ), 0 ) + IF( $N15 < 0.875, MAX(0, MIN(($H15 / 1000) * BF$10 * $BN$4, BF$11 * 0.876) - (BF$11 * $N15)) * 0.25, 0 )} -> 0 | BG15: =AVERAGE(TabellaMar2026[[#This Row],[Colonna55]:[Colonna53]]) -> 0 | BH15: =MAX(TabellaMar2026[[#This Row],[Colonna55]:[Colonna53]]) -> 0 | BI15: =MIN(TabellaMar2026[[#This Row],[Colonna55]:[Colonna53]]) -> 0 | BJ15: =SUM(TabellaMar2026[[#This Row],[Colonna54]:[Colonna53]]) -> 0 | BK15: =IFERROR((SUM(Tabella01MarzoInverter[[Active power TX1-INV-1]:[Active power TX3-INV-12]]) * 0.25) / (12625 * (IF(TabellaMar2026[[#This Row],[Colonna67]]>BN7,TabellaMar2026[[#This Row],[Colonna67]],0) * 0.25 / 1000)),0) -> 0 | BM15: =SUM(Tabella01MarzoInverter[Active power TX1-INV-1]) -> 9197.1
A16: 46147 | B16: 00:15:00.000 | C16: -1 | D16: -0.00025 | E16: 0 | F16: 0 | G16: =IFERROR((D16+F16)/2, 0) -> -0.000125 | H16: =IFERROR(IF(AVERAGE(C16,E16)>$BN$7,AVERAGE(C16,E16),0), 0) -> 0 | I16: =IFERROR(IF(AND(D16=0,F16=0),0,IF(H16>$BN$6,MAX(D16,F16),G16)), 0) -> -0.000125 | J16: =IFERROR(IF(AND(D16>0,F16>0),ABS(D16-F16)/AVERAGE(D16,F16),0), 0) -> 0 | K16: 30386.2 | L16: 30386.2 | M16: =IFERROR((L16-K16)*1000, 0) -> 0 | N16: 0.876 | O16: {=IF( AND($H16 > $BN$7, Tabella01MarzoInverter[[#This Row],[Active power TX1-INV-1]] <= 0), IF( Tabella01MarzoInverter[[#This Row],[TX1 - Average Power]:[TX1 - Average Power]] > 0, Tabella01MarzoInverter[[#This Row],[TX1 - Average Power]:[TX1 - Average Power]] * 0.25, ($H16 / 1000) * O$10 * $BN$4 * 0.25 ), 0 ) + IF( $N16 < 0.875, MAX(0, MIN(($H16 / 1000) * O$10 * $BN$4, O$11 * 0.876) - (O$11 * $N16)) * 0.25, 0 )} -> 0 | P16: {=IF( AND($H16 > $BN$7, Tabella01MarzoInverter[[#This Row],[Active power TX1-INV-2]] <= 0), IF( Tabella01MarzoInverter[[#This Row],[TX1 - Average Power]:[TX1 - Average Power]] > 0, Tabella01MarzoInverter[[#This Row],[TX1 - Average Power]:[TX1 - Average Power]] * 0.25, ($H16 / 1000) * P$10 * $BN$4 * 0.25 ), 0 ) + IF( $N16 < 0.875, MAX(0, MIN(($H16 / 1000) * P$10 * $BN$4, P$11 * 0.876) - (P$11 * $N16)) * 0.25, 0 )} -> 0 | Q16: {=IF( AND($H16 > $BN$7, Tabella01MarzoInverter[[#This Row],[Active power TX1-INV-3]] <= 0), IF( Tabella01MarzoInverter[[#This Row],[TX1 - Average Power]:[TX1 - Average Power]] > 0, Tabella01MarzoInverter[[#This Row],[TX1 - Average Power]:[TX1 - Average Power]] * 0.25, ($H16 / 1000) * Q$10 * $BN$4 * 0.25 ), 0 ) + IF( $N16 < 0.875, MAX(0, MIN(($H16 / 1000) * Q$10 * $BN$4, Q$11 * 0.876) - (Q$11 * $N16)) * 0.25, 0 )} -> 0 | R16: {=IF( AND($H16 > $BN$7, Tabella01MarzoInverter[[#This Row],[Active power TX1-INV-4]] <= 0), IF( Tabella01MarzoInverter[[#This Row],[TX1 - Average Power]:[TX1 - Average Power]] > 0, Tabella01MarzoInverter[[#This Row],[TX1 - Average Power]:[TX1 - Average Power]] * 0.25, ($H16 / 1000) * R$10 * $BN$4 * 0.25 ), 0 ) + IF( $N16 < 0.875, MAX(0, MIN(($H16 / 1000) * R$10 * $BN$4, R$11 * 0.876) - (R$11 * $N16)) * 0.25, 0 )} -> 0 | S16: {=IF( AND($H16 > $BN$7, Tabella01MarzoInverter[[#This Row],[Active power TX1-INV-5]] <= 0), IF( Tabella01MarzoInverter[[#This Row],[TX1 - Average Power]:[TX1 - Average Power]] > 0, Tabella01MarzoInverter[[#This Row],[TX1 - Average Power]:[TX1 - Average Power]] * 0.25, ($H16 / 1000) * S$10 * $BN$4 * 0.25 ), 0 ) + IF( $N16 < 0.875, MAX(0, MIN(($H16 / 1000) * S$10 * $BN$4, S$11 * 0.876) - (S$11 * $N16)) * 0.25, 0 )} -> 0 | T16: {=IF( AND($H16 > $BN$7, Tabella01MarzoInverter[[#This Row],[Active power TX1-INV-6]] <= 0), IF( Tabella01MarzoInverter[[#This Row],[TX1 - Average Power]:[TX1 - Average Power]] > 0, Tabella01MarzoInverter[[#This Row],[TX1 - Average Power]:[TX1 - Average Power]] * 0.25, ($H16 / 1000) * T$10 * $BN$4 * 0.25 ), 0 ) + IF( $N16 < 0.875, MAX(0, MIN(($H16 / 1000) * T$10 * $BN$4, T$11 * 0.876) - (T$11 * $N16)) * 0.25, 0 )} -> 0 | U16: {=IF( AND($H16 > $BN$7, Tabella01MarzoInverter[[#This Row],[Active power TX1-INV-7]] <= 0), IF( Tabella01MarzoInverter[[#This Row],[TX1 - Average Power]:[TX1 - Average Power]] > 0, Tabella01MarzoInverter[[#This Row],[TX1 - Average Power]:[TX1 - Average Power]] * 0.25, ($H16 / 1000) * U$10 * $BN$4 * 0.25 ), 0 ) + IF( $N16 < 0.875, MAX(0, MIN(($H16 / 1000) * U$10 * $BN$4, U$11 * 0.876) - (U$11 * $N16)) * 0.25, 0 )} -> 0 | V16: {=IF( AND($H16 > $BN$7, Tabella01MarzoInverter[[#This Row],[Active power TX1-INV-8]] <= 0), IF( Tabella01MarzoInverter[[#This Row],[TX1 - Average Power]:[TX1 - Average Power]] > 0, Tabella01MarzoInverter[[#This Row],[TX1 - Average Power]:[TX1 - Average Power]] * 0.25, ($H16 / 1000) * V$10 * $BN$4 * 0.25 ), 0 ) + IF( $N16 < 0.875, MAX(0, MIN(($H16 / 1000) * V$10 * $BN$4, V$11 * 0.876) - (V$11 * $N16)) * 0.25, 0 )} -> 0 | W16: {=IF( AND($H16 > $BN$7, Tabella01MarzoInverter[[#This Row],[Active power TX1-INV-9]] <= 0), IF( Tabella01MarzoInverter[[#This Row],[TX1 - Average Power]:[TX1 - Average Power]] > 0, Tabella01MarzoInverter[[#This Row],[TX1 - Average Power]:[TX1 - Average Power]] * 0.25, ($H16 / 1000) * W$10 * $BN$4 * 0.25 ), 0 ) + IF( $N16 < 0.875, MAX(0, MIN(($H16 / 1000) * W$10 * $BN$4, W$11 * 0.876) - (W$11 * $N16)) * 0.25, 0 )} -> 0 | X16: {=IF( AND($H16 > $BN$7, Tabella01MarzoInverter[[#This Row],[Active power TX1-INV-10]] <= 0), IF( Tabella01MarzoInverter[[#This Row],[TX1 - Average Power]:[TX1 - Average Power]] > 0, Tabella01MarzoInverter[[#This Row],[TX1 - Average Power]:[TX1 - Average Power]] * 0.25, ($H16 / 1000) * X$10 * $BN$4 * 0.25 ), 0 ) + IF( $N16 < 0.875, MAX(0, MIN(($H16 / 1000) * X$10 * $BN$4, X$11 * 0.876) - (X$11 * $N16)) * 0.25, 0 )} -> 0 | Y16: {=IF( AND($H16 > $BN$7, Tabella01MarzoInverter[[#This Row],[Active power TX1-INV-11]] <= 0), IF( Tabella01MarzoInverter[[#This Row],[TX1 - Average Power]:[TX1 - Average Power]] > 0, Tabella01MarzoInverter[[#This Row],[TX1 - Average Power]:[TX1 - Average Power]] * 0.25, ($H16 / 1000) * Y$10 * $BN$4 * 0.25 ), 0 ) + IF( $N16 < 0.875, MAX(0, MIN(($H16 / 1000) * Y$10 * $BN$4, Y$11 * 0.876) - (Y$11 * $N16)) * 0.25, 0 )} -> 0 | Z16: {=IF( AND($H16 > $BN$7, Tabella01MarzoInverter[[#This Row],[Active power TX1-INV-12]] <= 0), IF( Tabella01MarzoInverter[[#This Row],[TX1 - Average Power]:[TX1 - Average Power]] > 0, Tabella01MarzoInverter[[#This Row],[TX1 - Average Power]:[TX1 - Average Power]] * 0.25, ($H16 / 1000) * Z$10 * $BN$4 * 0.25 ), 0 ) + IF( $N16 < 0.875, MAX(0, MIN(($H16 / 1000) * Z$10 * $BN$4, Z$11 * 0.876) - (Z$11 * $N16)) * 0.25, 0 )} -> 0 | AA16: =AVERAGE(TabellaMar2026[[#This Row],[Colonna24]:[Colonna20]]) -> 0 | AB16: =MAX(TabellaMar2026[[#This Row],[Colonna24]:[Colonna20]]) -> 0 | AC16: =MIN(TabellaMar2026[[#This Row],[Colonna24]:[Colonna20]]) -> 0 | AD16: =SUM(TabellaMar2026[[#This Row],[Colonna24]:[Colonna20]]) -> 0 | AE16: =IF( AND($H16 > $BN$7, Tabella01MarzoInverter[[#This Row],[Active power TX2-INV-1]] <= 0, Tabella01MarzoInverter[[#This Row],[TX2 - Average Power]] <= 0), MIN(($H16 / 1000) * AE$10 * $BN$4, AE$11 * 0.876) * 0.25, IF( AND($H16 > $BN$7, Tabella01MarzoInverter[[#This Row],[Active power TX2-INV-1]] <= 0), Tabella01MarzoInverter[[#This Row],[TX2 - Average Power]] * 0.25, 0 ) + IF( $N16 < 0.875, MAX(0, MIN(($H16 / 1000) * AE$10 * $BN$4, AE$11 * 0.876) - (AE$11 * $N16)) * 0.25, 0 ) ) -> 0 | AF16: =IF( AND($H16 > $BN$7, Tabella01MarzoInverter[[#This Row],[Active power TX2-INV-2]] <= 0, Tabella01MarzoInverter[[#This Row],[TX2 - Max Power]] <= 0), MIN(($H16 / 1000) * AF$10 * $BN$4, AF$11 * 0.876) * 0.25, IF( AND($H16 > $BN$7, Tabella01MarzoInverter[[#This Row],[Active power TX2-INV-2]] <= 0), Tabella01MarzoInverter[[#This Row],[TX2 - Max Power]] * 0.25, 0 ) + IF( $N16 < 0.875, MAX(0, MIN(($H16 / 1000) * AF$10 * $BN$4, AF$11 * 0.876) - (AF$11 * $N16)) * 0.25, 0 ) ) -> 0 | AG16: =IF( AND($H16 > $BN$7, Tabella01MarzoInverter[[#This Row],[Active power TX2-INV-3]] <= 0, Tabella01MarzoInverter[[#This Row],[TX2 - Min Power]] <= 0), MIN(($H16 / 1000) * AG$10 * $BN$4, AG$11 * 0.876) * 0.25, IF( AND($H16 > $BN$7, Tabella01MarzoInverter[[#This Row],[Active power TX2-INV-3]] <= 0), Tabella01MarzoInverter[[#This Row],[TX2 - Min Power]] * 0.25, 0 ) + IF( $N16 < 0.875, MAX(0, MIN(($H16 / 1000) * AG$10 * $BN$4, AG$11 * 0.876) - (AG$11 * $N16)) * 0.25, 0 ) ) -> 0 | AH16: =IF( AND($H16 > $BN$7, Tabella01MarzoInverter[[#This Row],[Active power TX2-INV-4]] <= 0, Tabella01MarzoInverter[[#This Row],[Active power TX3-INV-1]] <= 0), MIN(($H16 / 1000) * AH$10 * $BN$4, AH$11 * 0.876) * 0.25, IF( AND($H16 > $BN$7, Tabella01MarzoInverter[[#This Row],[Active power TX2-INV-4]] <= 0), Tabella01MarzoInverter[[#This Row],[Active power TX3-INV-1]] * 0.25, 0 ) + IF( $N16 < 0.875, MAX(0, MIN(($H16 / 1000) * AH$10 * $BN$4, AH$11 * 0.876) - (AH$11 * $N16)) * 0.25, 0 ) ) -> 0 | AI16: =IF( AND($H16 > $BN$7, Tabella01MarzoInverter[[#This Row],[Active power TX2-INV-5]] <= 0, Tabella01MarzoInverter[[#This Row],[Active power TX3-INV-2]] <= 0), MIN(($H16 / 1000) * AI$10 * $BN$4, AI$11 * 0.876) * 0.25, IF( AND($H16 > $BN$7, Tabella01MarzoInverter[[#This Row],[Active power TX2-INV-5]] <= 0), Tabella01MarzoInverter[[#This Row],[Active power TX3-INV-2]] * 0.25, 0 ) + IF( $N16 < 0.875, MAX(0, MIN(($H16 / 1000) * AI$10 * $BN$4, AI$11 * 0.876) - (AI$11 * $N16)) * 0.25, 0 ) ) -> 0 | AJ16: =IF( AND($H16 > $BN$7, Tabella01MarzoInverter[[#This Row],[Active power TX2-INV-6]] <= 0, Tabella01MarzoInverter[[#This Row],[Active power TX3-INV-3]] <= 0), MIN(($H16 / 1000) * AJ$10 * $BN$4, AJ$11 * 0.876) * 0.25, IF( AND($H16 > $BN$7, Tabella01MarzoInverter[[#This Row],[Active power TX2-INV-6]] <= 0), Tabella01MarzoInverter[[#This Row],[Active power TX3-INV-3]] * 0.25, 0 ) + IF( $N16 < 0.875, MAX(0, MIN(($H16 / 1000) * AJ$10 * $BN$4, AJ$11 * 0.876) - (AJ$11 * $N16)) * 0.25, 0 ) ) -> 0 | AK16: =IF( AND($H16 > $BN$7, Tabella01MarzoInverter[[#This Row],[Active power TX2-INV-7]] <= 0, Tabella01MarzoInverter[[#This Row],[Active power TX3-INV-4]] <= 0), MIN(($H16 / 1000) * AK$10 * $BN$4, AK$11 * 0.876) * 0.25, IF( AND($H16 > $BN$7, Tabella01MarzoInverter[[#This Row],[Active power TX2-INV-7]] <= 0), Tabella01MarzoInverter[[#This Row],[Active power TX3-INV-4]] * 0.25, 0 ) + IF( $N16 < 0.875, MAX(0, MIN(($H16 / 1000) * AK$10 * $BN$4, AK$11 * 0.876) - (AK$11 * $N16)) * 0.25, 0 ) ) -> 0 | AL16: =IF( AND($H16 > $BN$7, Tabella01MarzoInverter[[#This Row],[Active power TX2-INV-8]] <= 0, Tabella01MarzoInverter[[#This Row],[Active power TX3-INV-5]] <= 0), MIN(($H16 / 1000) * AL$10 * $BN$4, AL$11 * 0.876) * 0.25, IF( AND($H16 > $BN$7, Tabella01MarzoInverter[[#This Row],[Active power TX2-INV-8]] <= 0), Tabella01MarzoInverter[[#This Row],[Active power TX3-INV-5]] * 0.25, 0 ) + IF( $N16 < 0.875, MAX(0, MIN(($H16 / 1000) * AL$10 * $BN$4, AL$11 * 0.876) - (AL$11 * $N16)) * 0.25, 0 ) ) -> 0 | AM16: =IF( AND($H16 > $BN$7, Tabella01MarzoInverter[[#This Row],[Active power TX2-INV-9]] <= 0, Tabella01MarzoInverter[[#This Row],[Active power TX3-INV-6]] <= 0), MIN(($H16 / 1000) * AM$10 * $BN$4, AM$11 * 0.876) * 0.25, IF( AND($H16 > $BN$7, Tabella01MarzoInverter[[#This Row],[Active power TX2-INV-9]] <= 0), Tabella01MarzoInverter[[#This Row],[Active power TX3-INV-6]] * 0.25, 0 ) + IF( $N16 < 0.875, MAX(0, MIN(($H16 / 1000) * AM$10 * $BN$4, AM$11 * 0.876) - (AM$11 * $N16)) * 0.25, 0 ) ) -> 0 | AN16: =IF( AND($H16 > $BN$7, Tabella01MarzoInverter[[#This Row],[Active power TX2-INV-10]] <= 0, Tabella01MarzoInverter[[#This Row],[Active power TX3-INV-7]] <= 0), MIN(($H16 / 1000) * AN$10 * $BN$4, AN$11 * 0.876) * 0.25, IF( AND($H16 > $BN$7, Tabella01MarzoInverter[[#This Row],[Active power TX2-INV-10]] <= 0), Tabella01MarzoInverter[[#This Row],[Active power TX3-INV-7]] * 0.25, 0 ) + IF( $N16 < 0.875, MAX(0, MIN(($H16 / 1000) * AN$10 * $BN$4, AN$11 * 0.876) - (AN$11 * $N16)) * 0.25, 0 ) ) -> 0 | AO16: =IF( AND($H16 > $BN$7, Tabella01MarzoInverter[[#This Row],[Active power TX2-INV-11]] <= 0, Tabella01MarzoInverter[[#This Row],[Active power TX3-INV-8]] <= 0), MIN(($H16 / 1000) * AO$10 * $BN$4, AO$11 * 0.876) * 0.25, IF( AND($H16 > $BN$7, Tabella01MarzoInverter[[#This Row],[Active power TX2-INV-11]] <= 0), Tabella01MarzoInverter[[#This Row],[Active power TX3-INV-8]] * 0.25, 0 ) + IF( $N16 < 0.875, MAX(0, MIN(($H16 / 1000) * AO$10 * $BN$4, AO$11 * 0.876) - (AO$11 * $N16)) * 0.25, 0 ) ) -> 0 | AP16: =IF( AND($H16 > $BN$7, Tabella01MarzoInverter[[#This Row],[Active power TX2-INV-12]] <= 0, Tabella01MarzoInverter[[#This Row],[Active power TX3-INV-9]] <= 0), MIN(($H16 / 1000) * AP$10 * $BN$4, AP$11 * 0.876) * 0.25, IF( AND($H16 > $BN$7, Tabella01MarzoInverter[[#This Row],[Active power TX2-INV-12]] <= 0), Tabella01MarzoInverter[[#This Row],[Active power TX3-INV-9]] * 0.25, 0 ) + IF( $N16 < 0.875, MAX(0, MIN(($H16 / 1000) * AP$10 * $BN$4, AP$11 * 0.876) - (AP$11 * $N16)) * 0.25, 0 ) ) -> 0 | AQ16: =AVERAGE(TabellaMar2026[[#This Row],[Colonna39]:[Colonna6]]) -> 0 | AR16: =MAX(TabellaMar2026[[#This Row],[Colonna39]:[Colonna6]]) -> 0 | AS16: =MIN(TabellaMar2026[[#This Row],[Colonna39]:[Colonna6]]) -> 0 | AT16: =SUM(TabellaMar2026[[#This Row],[Colonna39]:[Colonna6]]) -> 0 | AU16: {=IF( AND($H16 > $BN$7, Tabella01MarzoInverter[[#This Row],[Active power TX3-INV-1]] <= 0), IF( Tabella01MarzoInverter[[#This Row],[TX3 - Average Power]:[TX3 - Average Power]] > 0, Tabella01MarzoInverter[[#This Row],[TX3 - Average Power]:[TX3 - Average Power]] * 0.25, ($H16 / 1000) * AU$10 * $BN$4 * 0.25 ), 0 ) + IF( $N16 < 0.875, MAX(0, MIN(($H16 / 1000) * AU$10 * $BN$4, AU$11 * 0.876) - (AU$11 * $N16)) * 0.25, 0 )} -> 0 | AV16: {=IF( AND($H16 > $BN$7, Tabella01MarzoInverter[[#This Row],[Active power TX3-INV-2]] <= 0), IF( Tabella01MarzoInverter[[#This Row],[TX3 - Average Power]:[TX3 - Average Power]] > 0, Tabella01MarzoInverter[[#This Row],[TX3 - Average Power]:[TX3 - Average Power]] * 0.25, ($H16 / 1000) * AV$10 * $BN$4 * 0.25 ), 0 ) + IF( $N16 < 0.875, MAX(0, MIN(($H16 / 1000) * AV$10 * $BN$4, AV$11 * 0.876) - (AV$11 * $N16)) * 0.25, 0 )} -> 0 | AW16: {=IF( AND($H16 > $BN$7, Tabella01MarzoInverter[[#This Row],[Active power TX3-INV-3]] <= 0), IF( Tabella01MarzoInverter[[#This Row],[TX3 - Average Power]:[TX3 - Average Power]] > 0, Tabella01MarzoInverter[[#This Row],[TX3 - Average Power]:[TX3 - Average Power]] * 0.25, ($H16 / 1000) * AW$10 * $BN$4 * 0.25 ), 0 ) + IF( $N16 < 0.875, MAX(0, MIN(($H16 / 1000) * AW$10 * $BN$4, AW$11 * 0.876) - (AW$11 * $N16)) * 0.25, 0 )} -> 0 | AX16: {=IF( AND($H16 > $BN$7, Tabella01MarzoInverter[[#This Row],[Active power TX3-INV-4]] <= 0), IF( Tabella01MarzoInverter[[#This Row],[TX3 - Average Power]:[TX3 - Average Power]] > 0, Tabella01MarzoInverter[[#This Row],[TX3 - Average Power]:[TX3 - Average Power]] * 0.25, ($H16 / 1000) * AX$10 * $BN$4 * 0.25 ), 0 ) + IF( $N16 < 0.875, MAX(0, MIN(($H16 / 1000) * AX$10 * $BN$4, AX$11 * 0.876) - (AX$11 * $N16)) * 0.25, 0 )} -> 0 | AY16: {=IF( AND($H16 > $BN$7, Tabella01MarzoInverter[[#This Row],[Active power TX3-INV-5]] <= 0), IF( Tabella01MarzoInverter[[#This Row],[TX3 - Average Power]:[TX3 - Average Power]] > 0, Tabella01MarzoInverter[[#This Row],[TX3 - Average Power]:[TX3 - Average Power]] * 0.25, ($H16 / 1000) * AY$10 * $BN$4 * 0.25 ), 0 ) + IF( $N16 < 0.875, MAX(0, MIN(($H16 / 1000) * AY$10 * $BN$4, AY$11 * 0.876) - (AY$11 * $N16)) * 0.25, 0 )} -> 0 | AZ16: {=IF( AND($H16 > $BN$7, Tabella01MarzoInverter[[#This Row],[Active power TX3-INV-6]] <= 0), IF( Tabella01MarzoInverter[[#This Row],[TX3 - Average Power]:[TX3 - Average Power]] > 0, Tabella01MarzoInverter[[#This Row],[TX3 - Average Power]:[TX3 - Average Power]] * 0.25, ($H16 / 1000) * AZ$10 * $BN$4 * 0.25 ), 0 ) + IF( $N16 < 0.875, MAX(0, MIN(($H16 / 1000) * AZ$10 * $BN$4, AZ$11 * 0.876) - (AZ$11 * $N16)) * 0.25, 0 )} -> 0 | BA16: {=IF( AND($H16 > $BN$7, Tabella01MarzoInverter[[#This Row],[Active power TX3-INV-7]] <= 0), IF( Tabella01MarzoInverter[[#This Row],[TX3 - Average Power]:[TX3 - Average Power]] > 0, Tabella01MarzoInverter[[#This Row],[TX3 - Average Power]:[TX3 - Average Power]] * 0.25, ($H16 / 1000) * BA$10 * $BN$4 * 0.25 ), 0 ) + IF( $N16 < 0.875, MAX(0, MIN(($H16 / 1000) * BA$10 * $BN$4, BA$11 * 0.876) - (BA$11 * $N16)) * 0.25, 0 )} -> 0 | BB16: {=IF( AND($H16 > $BN$7, Tabella01MarzoInverter[[#This Row],[Active power TX3-INV-8]] <= 0), IF( Tabella01MarzoInverter[[#This Row],[TX3 - Average Power]:[TX3 - Average Power]] > 0, Tabella01MarzoInverter[[#This Row],[TX3 - Average Power]:[TX3 - Average Power]] * 0.25, ($H16 / 1000) * BB$10 * $BN$4 * 0.25 ), 0 ) + IF( $N16 < 0.875, MAX(0, MIN(($H16 / 1000) * BB$10 * $BN$4, BB$11 * 0.876) - (BB$11 * $N16)) * 0.25, 0 )} -> 0 | BC16: {=IF( AND($H16 > $BN$7, Tabella01MarzoInverter[[#This Row],[Active power TX3-INV-9]] <= 0), IF( Tabella01MarzoInverter[[#This Row],[TX3 - Average Power]:[TX3 - Average Power]] > 0, Tabella01MarzoInverter[[#This Row],[TX3 - Average Power]:[TX3 - Average Power]] * 0.25, ($H16 / 1000) * BC$10 * $BN$4 * 0.25 ), 0 ) + IF( $N16 < 0.875, MAX(0, MIN(($H16 / 1000) * BC$10 * $BN$4, BC$11 * 0.876) - (BC$11 * $N16)) * 0.25, 0 )} -> 0 | BD16: {=IF( AND($H16 > $BN$7, Tabella01MarzoInverter[[#This Row],[Active power TX3-INV-10]] <= 0), IF( Tabella01MarzoInverter[[#This Row],[TX3 - Average Power]:[TX3 - Average Power]] > 0, Tabella01MarzoInverter[[#This Row],[TX3 - Average Power]:[TX3 - Average Power]] * 0.25, ($H16 / 1000) * BD$10 * $BN$4 * 0.25 ), 0 ) + IF( $N16 < 0.875, MAX(0, MIN(($H16 / 1000) * BD$10 * $BN$4, BD$11 * 0.876) - (BD$11 * $N16)) * 0.25, 0 )} -> 0 | BE16: {=IF( AND($H16 > $BN$7, Tabella01MarzoInverter[[#This Row],[Active power TX3-INV-11]] <= 0), IF( Tabella01MarzoInverter[[#This Row],[TX3 - Average Power]:[TX3 - Average Power]] > 0, Tabella01MarzoInverter[[#This Row],[TX3 - Average Power]:[TX3 - Average Power]] * 0.25, ($H16 / 1000) * BE$10 * $BN$4 * 0.25 ), 0 ) + IF( $N16 < 0.875, MAX(0, MIN(($H16 / 1000) * BE$10 * $BN$4, BE$11 * 0.876) - (BE$11 * $N16)) * 0.25, 0 )} -> 0 | BF16: {=IF( AND($H16 > $BN$7, Tabella01MarzoInverter[[#This Row],[Active power TX3-INV-12]] <= 0), IF( Tabella01MarzoInverter[[#This Row],[TX3 - Average Power]:[TX3 - Average Power]] > 0, Tabella01MarzoInverter[[#This Row],[TX3 - Average Power]:[TX3 - Average Power]] * 0.25, ($H16 / 1000) * BF$10 * $BN$4 * 0.25 ), 0 ) + IF( $N16 < 0.875, MAX(0, MIN(($H16 / 1000) * BF$10 * $BN$4, BF$11 * 0.876) - (BF$11 * $N16)) * 0.25, 0 )} -> 0 | BG16: =AVERAGE(TabellaMar2026[[#This Row],[Colonna55]:[Colonna53]]) -> 0 | BH16: =MAX(TabellaMar2026[[#This Row],[Colonna55]:[Colonna53]]) -> 0 | BI16: =MIN(TabellaMar2026[[#This Row],[Colonna55]:[Colonna53]]) -> 0 | BJ16: =SUM(TabellaMar2026[[#This Row],[Colonna54]:[Colonna53]]) -> 0 | BK16: =(SUM(Tabella01MarzoInverter[[Active power TX1-INV-1]:[Active power TX3-INV-12]]) * 0.25) / (12625 * (SUM($G$15:$H$110) * 0.25 / 1000)) -> 1.0142296
A17: 46147 | B17: 00:30:00.000 | C17: -1 | D17: -0.00025 | E17: 0 | F17: 0 | G17: =IFERROR((D17+F17)/2, 0) -> -0.000125 | H17: =IFERROR(IF(AVERAGE(C17,E17)>$BN$7,AVERAGE(C17,E17),0), 0) -> 0 | I17: =IFERROR(IF(AND(D17=0,F17=0),0,IF(H17>$BN$6,MAX(D17,F17),G17)), 0) -> -0.000125 | J17: =IFERROR(IF(AND(D17>0,F17>0),ABS(D17-F17)/AVERAGE(D17,F17),0), 0) -> 0 | K17: 30386.2 | L17: 30386.2 | M17: =IFERROR((L17-K17)*1000, 0) -> 0 | N17: 0.876 | O17: {=IF( AND($H17 > $BN$7, Tabella01MarzoInverter[[#This Row],[Active power TX1-INV-1]] <= 0), IF( Tabella01MarzoInverter[[#This Row],[TX1 - Average Power]:[TX1 - Average Power]] > 0, Tabella01MarzoInverter[[#This Row],[TX1 - Average Power]:[TX1 - Average Power]] * 0.25, ($H17 / 1000) * O$10 * $BN$4 * 0.25 ), 0 ) + IF( $N17 < 0.875, MAX(0, MIN(($H17 / 1000) * O$10 * $BN$4, O$11 * 0.876) - (O$11 * $N17)) * 0.25, 0 )} -> 0 | P17: {=IF( AND($H17 > $BN$7, Tabella01MarzoInverter[[#This Row],[Active power TX1-INV-2]] <= 0), IF( Tabella01MarzoInverter[[#This Row],[TX1 - Average Power]:[TX1 - Average Power]] > 0, Tabella01MarzoInverter[[#This Row],[TX1 - Average Power]:[TX1 - Average Power]] * 0.25, ($H17 / 1000) * P$10 * $BN$4 * 0.25 ), 0 ) + IF( $N17 < 0.875, MAX(0, MIN(($H17 / 1000) * P$10 * $BN$4, P$11 * 0.876) - (P$11 * $N17)) * 0.25, 0 )} -> 0 | Q17: {=IF( AND($H17 > $BN$7, Tabella01MarzoInverter[[#This Row],[Active power TX1-INV-3]] <= 0), IF( Tabella01MarzoInverter[[#This Row],[TX1 - Average Power]:[TX1 - Average Power]] > 0, Tabella01MarzoInverter[[#This Row],[TX1 - Average Power]:[TX1 - Average Power]] * 0.25, ($H17 / 1000) * Q$10 * $BN$4 * 0.25 ), 0 ) + IF( $N17 < 0.875, MAX(0, MIN(($H17 / 1000) * Q$10 * $BN$4, Q$11 * 0.876) - (Q$11 * $N17)) * 0.25, 0 )} -> 0 | R17: {=IF( AND($H17 > $BN$7, Tabella01MarzoInverter[[#This Row],[Active power TX1-INV-4]] <= 0), IF( Tabella01MarzoInverter[[#This Row],[TX1 - Average Power]:[TX1 - Average Power]] > 0, Tabella01MarzoInverter[[#This Row],[TX1 - Average Power]:[TX1 - Average Power]] * 0.25, ($H17 / 1000) * R$10 * $BN$4 * 0.25 ), 0 ) + IF( $N17 < 0.875, MAX(0, MIN(($H17 / 1000) * R$10 * $BN$4, R$11 * 0.876) - (R$11 * $N17)) * 0.25, 0 )} -> 0 | S17: {=IF( AND($H17 > $BN$7, Tabella01MarzoInverter[[#This Row],[Active power TX1-INV-5]] <= 0), IF( Tabella01MarzoInverter[[#This Row],[TX1 - Average Power]:[TX1 - Average Power]] > 0, Tabella01MarzoInverter[[#This Row],[TX1 - Average Power]:[TX1 - Average Power]] * 0.25, ($H17 / 1000) * S$10 * $BN$4 * 0.25 ), 0 ) + IF( $N17 < 0.875, MAX(0, MIN(($H17 / 1000) * S$10 * $BN$4, S$11 * 0.876) - (S$11 * $N17)) * 0.25, 0 )} -> 0 | T17: {=IF( AND($H17 > $BN$7, Tabella01MarzoInverter[[#This Row],[Active power TX1-INV-6]] <= 0), IF( Tabella01MarzoInverter[[#This Row],[TX1 - Average Power]:[TX1 - Average Power]] > 0, Tabella01MarzoInverter[[#This Row],[TX1 - Average Power]:[TX1 - Average Power]] * 0.25, ($H17 / 1000) * T$10 * $BN$4 * 0.25 ), 0 ) + IF( $N17 < 0.875, MAX(0, MIN(($H17 / 1000) * T$10 * $BN$4, T$11 * 0.876) - (T$11 * $N17)) * 0.25, 0 )} -> 0 | U17: {=IF( AND($H17 > $BN$7, Tabella01MarzoInverter[[#This Row],[Active power TX1-INV-7]] <= 0), IF( Tabella01MarzoInverter[[#This Row],[TX1 - Average Power]:[TX1 - Average Power]] > 0, Tabella01MarzoInverter[[#This Row],[TX1 - Average Power]:[TX1 - Average Power]] * 0.25, ($H17 / 1000) * U$10 * $BN$4 * 0.25 ), 0 ) + IF( $N17 < 0.875, MAX(0, MIN(($H17 / 1000) * U$10 * $BN$4, U$11 * 0.876) - (U$11 * $N17)) * 0.25, 0 )} -> 0 | V17: {=IF( AND($H17 > $BN$7, Tabella01MarzoInverter[[#This Row],[Active power TX1-INV-8]] <= 0), IF( Tabella01MarzoInverter[[#This Row],[TX1 - Average Power]:[TX1 - Average Power]] > 0, Tabella01MarzoInverter[[#This Row],[TX1 - Average Power]:[TX1 - Average Power]] * 0.25, ($H17 / 1000) * V$10 * $BN$4 * 0.25 ), 0 ) + IF( $N17 < 0.875, MAX(0, MIN(($H17 / 1000) * V$10 * $BN$4, V$11 * 0.876) - (V$11 * $N17)) * 0.25, 0 )} -> 0 | W17: {=IF( AND($H17 > $BN$7, Tabella01MarzoInverter[[#This Row],[Active power TX1-INV-9]] <= 0), IF( Tabella01MarzoInverter[[#This Row],[TX1 - Average Power]:[TX1 - Average Power]] > 0, Tabella01MarzoInverter[[#This Row],[TX1 - Average Power]:[TX1 - Average Power]] * 0.25, ($H17 / 1000) * W$10 * $BN$4 * 0.25 ), 0 ) + IF( $N17 < 0.875, MAX(0, MIN(($H17 / 1000) * W$10 * $BN$4, W$11 * 0.876) - (W$11 * $N17)) * 0.25, 0 )} -> 0 | X17: {=IF( AND($H17 > $BN$7, Tabella01MarzoInverter[[#This Row],[Active power TX1-INV-10]] <= 0), IF( Tabella01MarzoInverter[[#This Row],[TX1 - Average Power]:[TX1 - Average Power]] > 0, Tabella01MarzoInverter[[#This Row],[TX1 - Average Power]:[TX1 - Average Power]] * 0.25, ($H17 / 1000) * X$10 * $BN$4 * 0.25 ), 0 ) + IF( $N17 < 0.875, MAX(0, MIN(($H17 / 1000) * X$10 * $BN$4, X$11 * 0.876) - (X$11 * $N17)) * 0.25, 0 )} -> 0 | Y17: {=IF( AND($H17 > $BN$7, Tabella01MarzoInverter[[#This Row],[Active power TX1-INV-11]] <= 0), IF( Tabella01MarzoInverter[[#This Row],[TX1 - Average Power]:[TX1 - Average Power]] > 0, Tabella01MarzoInverter[[#This Row],[TX1 - Average Power]:[TX1 - Average Power]] * 0.25, ($H17 / 1000) * Y$10 * $BN$4 * 0.25 ), 0 ) + IF( $N17 < 0.875, MAX(0, MIN(($H17 / 1000) * Y$10 * $BN$4, Y$11 * 0.876) - (Y$11 * $N17)) * 0.25, 0 )} -> 0 | Z17: {=IF( AND($H17 > $BN$7, Tabella01MarzoInverter[[#This Row],[Active power TX1-INV-12]] <= 0), IF( Tabella01MarzoInverter[[#This Row],[TX1 - Average Power]:[TX1 - Average Power]] > 0, Tabella01MarzoInverter[[#This Row],[TX1 - Average Power]:[TX1 - Average Power]] * 0.25, ($H17 / 1000) * Z$10 * $BN$4 * 0.25 ), 0 ) + IF( $N17 < 0.875, MAX(0, MIN(($H17 / 1000) * Z$10 * $BN$4, Z$11 * 0.876) - (Z$11 * $N17)) * 0.25, 0 )} -> 0 | AA17: =AVERAGE(TabellaMar2026[[#This Row],[Colonna24]:[Colonna20]]) -> 0 | AB17: =MAX(TabellaMar2026[[#This Row],[Colonna24]:[Colonna20]]) -> 0 | AC17: =MIN(TabellaMar2026[[#This Row],[Colonna24]:[Colonna20]]) -> 0 | AD17: =SUM(TabellaMar2026[[#This Row],[Colonna24]:[Colonna20]]) -> 0 | AE17: =IF( AND($H17 > $BN$7, Tabella01MarzoInverter[[#This Row],[Active power TX2-INV-1]] <= 0, Tabella01MarzoInverter[[#This Row],[TX2 - Average Power]] <= 0), MIN(($H17 / 1000) * AE$10 * $BN$4, AE$11 * 0.876) * 0.25, IF( AND($H17 > $BN$7, Tabella01MarzoInverter[[#This Row],[Active power TX2-INV-1]] <= 0), Tabella01MarzoInverter[[#This Row],[TX2 - Average Power]] * 0.25, 0 ) + IF( $N17 < 0.875, MAX(0, MIN(($H17 / 1000) * AE$10 * $BN$4, AE$11 * 0.876) - (AE$11 * $N17)) * 0.25, 0 ) ) -> 0 | AF17: =IF( AND($H17 > $BN$7, Tabella01MarzoInverter[[#This Row],[Active power TX2-INV-2]] <= 0, Tabella01MarzoInverter[[#This Row],[TX2 - Max Power]] <= 0), MIN(($H17 / 1000) * AF$10 * $BN$4, AF$11 * 0.876) * 0.25, IF( AND($H17 > $BN$7, Tabella01MarzoInverter[[#This Row],[Active power TX2-INV-2]] <= 0), Tabella01MarzoInverter[[#This Row],[TX2 - Max Power]] * 0.25, 0 ) + IF( $N17 < 0.875, MAX(0, MIN(($H17 / 1000) * AF$10 * $BN$4, AF$11 * 0.876) - (AF$11 * $N17)) * 0.25, 0 ) ) -> 0 | AG17: =IF( AND($H17 > $BN$7, Tabella01MarzoInverter[[#This Row],[Active power TX2-INV-3]] <= 0, Tabella01MarzoInverter[[#This Row],[TX2 - Min Power]] <= 0), MIN(($H17 / 1000) * AG$10 * $BN$4, AG$11 * 0.876) * 0.25, IF( AND($H17 > $BN$7, Tabella01MarzoInverter[[#This Row],[Active power TX2-INV-3]] <= 0), Tabella01MarzoInverter[[#This Row],[TX2 - Min Power]] * 0.25, 0 ) + IF( $N17 < 0.875, MAX(0, MIN(($H17 / 1000) * AG$10 * $BN$4, AG$11 * 0.876) - (AG$11 * $N17)) * 0.25, 0 ) ) -> 0 | AH17: =IF( AND($H17 > $BN$7, Tabella01MarzoInverter[[#This Row],[Active power TX2-INV-4]] <= 0, Tabella01MarzoInverter[[#This Row],[Active power TX3-INV-1]] <= 0), MIN(($H17 / 1000) * AH$10 * $BN$4, AH$11 * 0.876) * 0.25, IF( AND($H17 > $BN$7, Tabella01MarzoInverter[[#This Row],[Active power TX2-INV-4]] <= 0), Tabella01MarzoInverter[[#This Row],[Active power TX3-INV-1]] * 0.25, 0 ) + IF( $N17 < 0.875, MAX(0, MIN(($H17 / 1000) * AH$10 * $BN$4, AH$11 * 0.876) - (AH$11 * $N17)) * 0.25, 0 ) ) -> 0 | AI17: =IF( AND($H17 > $BN$7, Tabella01MarzoInverter[[#This Row],[Active power TX2-INV-5]] <= 0, Tabella01MarzoInverter[[#This Row],[Active power TX3-INV-2]] <= 0), MIN(($H17 / 1000) * AI$10 * $BN$4, AI$11 * 0.876) * 0.25, IF( AND($H17 > $BN$7, Tabella01MarzoInverter[[#This Row],[Active power TX2-INV-5]] <= 0), Tabella01MarzoInverter[[#This Row],[Active power TX3-INV-2]] * 0.25, 0 ) + IF( $N17 < 0.875, MAX(0, MIN(($H17 / 1000) * AI$10 * $BN$4, AI$11 * 0.876) - (AI$11 * $N17)) * 0.25, 0 ) ) -> 0 | AJ17: =IF( AND($H17 > $BN$7, Tabella01MarzoInverter[[#This Row],[Active power TX2-INV-6]] <= 0, Tabella01MarzoInverter[[#This Row],[Active power TX3-INV-3]] <= 0), MIN(($H17 / 1000) * AJ$10 * $BN$4, AJ$11 * 0.876) * 0.25, IF( AND($H17 > $BN$7, Tabella01MarzoInverter[[#This Row],[Active power TX2-INV-6]] <= 0), Tabella01MarzoInverter[[#This Row],[Active power TX3-INV-3]] * 0.25, 0 ) + IF( $N17 < 0.875, MAX(0, MIN(($H17 / 1000) * AJ$10 * $BN$4, AJ$11 * 0.876) - (AJ$11 * $N17)) * 0.25, 0 ) ) -> 0 | AK17: =IF( AND($H17 > $BN$7, Tabella01MarzoInverter[[#This Row],[Active power TX2-INV-7]] <= 0, Tabella01MarzoInverter[[#This Row],[Active power TX3-INV-4]] <= 0), MIN(($H17 / 1000) * AK$10 * $BN$4, AK$11 * 0.876) * 0.25, IF( AND($H17 > $BN$7, Tabella01MarzoInverter[[#This Row],[Active power TX2-INV-7]] <= 0), Tabella01MarzoInverter[[#This Row],[Active power TX3-INV-4]] * 0.25, 0 ) + IF( $N17 < 0.875, MAX(0, MIN(($H17 / 1000) * AK$10 * $BN$4, AK$11 * 0.876) - (AK$11 * $N17)) * 0.25, 0 ) ) -> 0 | AL17: =IF( AND($H17 > $BN$7, Tabella01MarzoInverter[[#This Row],[Active power TX2-INV-8]] <= 0, Tabella01MarzoInverter[[#This Row],[Active power TX3-INV-5]] <= 0), MIN(($H17 / 1000) * AL$10 * $BN$4, AL$11 * 0.876) * 0.25, IF( AND($H17 > $BN$7, Tabella01MarzoInverter[[#This Row],[Active power TX2-INV-8]] <= 0), Tabella01MarzoInverter[[#This Row],[Active power TX3-INV-5]] * 0.25, 0 ) + IF( $N17 < 0.875, MAX(0, MIN(($H17 / 1000) * AL$10 * $BN$4, AL$11 * 0.876) - (AL$11 * $N17)) * 0.25, 0 ) ) -> 0 | AM17: =IF( AND($H17 > $BN$7, Tabella01MarzoInverter[[#This Row],[Active power TX2-INV-9]] <= 0, Tabella01MarzoInverter[[#This Row],[Active power TX3-INV-6]] <= 0), MIN(($H17 / 1000) * AM$10 * $BN$4, AM$11 * 0.876) * 0.25, IF( AND($H17 > $BN$7, Tabella01MarzoInverter[[#This Row],[Active power TX2-INV-9]] <= 0), Tabella01MarzoInverter[[#This Row],[Active power TX3-INV-6]] * 0.25, 0 ) + IF( $N17 < 0.875, MAX(0, MIN(($H17 / 1000) * AM$10 * $BN$4, AM$11 * 0.876) - (AM$11 * $N17)) * 0.25, 0 ) ) -> 0 | AN17: =IF( AND($H17 > $BN$7, Tabella01MarzoInverter[[#This Row],[Active power TX2-INV-10]] <= 0, Tabella01MarzoInverter[[#This Row],[Active power TX3-INV-7]] <= 0), MIN(($H17 / 1000) * AN$10 * $BN$4, AN$11 * 0.876) * 0.25, IF( AND($H17 > $BN$7, Tabella01MarzoInverter[[#This Row],[Active power TX2-INV-10]] <= 0), Tabella01MarzoInverter[[#This Row],[Active power TX3-INV-7]] * 0.25, 0 ) + IF( $N17 < 0.875, MAX(0, MIN(($H17 / 1000) * AN$10 * $BN$4, AN$11 * 0.876) - (AN$11 * $N17)) * 0.25, 0 ) ) -> 0 | AO17: =IF( AND($H17 > $BN$7, Tabella01MarzoInverter[[#This Row],[Active power TX2-INV-11]] <= 0, Tabella01MarzoInverter[[#This Row],[Active power TX3-INV-8]] <= 0), MIN(($H17 / 1000) * AO$10 * $BN$4, AO$11 * 0.876) * 0.25, IF( AND($H17 > $BN$7, Tabella01MarzoInverter[[#This Row],[Active power TX2-INV-11]] <= 0), Tabella01MarzoInverter[[#This Row],[Active power TX3-INV-8]] * 0.25, 0 ) + IF( $N17 < 0.875, MAX(0, MIN(($H17 / 1000) * AO$10 * $BN$4, AO$11 * 0.876) - (AO$11 * $N17)) * 0.25, 0 ) ) -> 0 | AP17: =IF( AND($H17 > $BN$7, Tabella01MarzoInverter[[#This Row],[Active power TX2-INV-12]] <= 0, Tabella01MarzoInverter[[#This Row],[Active power TX3-INV-9]] <= 0), MIN(($H17 / 1000) * AP$10 * $BN$4, AP$11 * 0.876) * 0.25, IF( AND($H17 > $BN$7, Tabella01MarzoInverter[[#This Row],[Active power TX2-INV-12]] <= 0), Tabella01MarzoInverter[[#This Row],[Active power TX3-INV-9]] * 0.25, 0 ) + IF( $N17 < 0.875, MAX(0, MIN(($H17 / 1000) * AP$10 * $BN$4, AP$11 * 0.876) - (AP$11 * $N17)) * 0.25, 0 ) ) -> 0 | AQ17: =AVERAGE(TabellaMar2026[[#This Row],[Colonna39]:[Colonna6]]) -> 0 | AR17: =MAX(TabellaMar2026[[#This Row],[Colonna39]:[Colonna6]]) -> 0 | AS17: =MIN(TabellaMar2026[[#This Row],[Colonna39]:[Colonna6]]) -> 0 | AT17: =SUM(TabellaMar2026[[#This Row],[Colonna39]:[Colonna6]]) -> 0 | AU17: {=IF( AND($H17 > $BN$7, Tabella01MarzoInverter[[#This Row],[Active power TX3-INV-1]] <= 0), IF( Tabella01MarzoInverter[[#This Row],[TX3 - Average Power]:[TX3 - Average Power]] > 0, Tabella01MarzoInverter[[#This Row],[TX3 - Average Power]:[TX3 - Average Power]] * 0.25, ($H17 / 1000) * AU$10 * $BN$4 * 0.25 ), 0 ) + IF( $N17 < 0.875, MAX(0, MIN(($H17 / 1000) * AU$10 * $BN$4, AU$11 * 0.876) - (AU$11 * $N17)) * 0.25, 0 )} -> 0 | AV17: {=IF( AND($H17 > $BN$7, Tabella01MarzoInverter[[#This Row],[Active power TX3-INV-2]] <= 0), IF( Tabella01MarzoInverter[[#This Row],[TX3 - Average Power]:[TX3 - Average Power]] > 0, Tabella01MarzoInverter[[#This Row],[TX3 - Average Power]:[TX3 - Average Power]] * 0.25, ($H17 / 1000) * AV$10 * $BN$4 * 0.25 ), 0 ) + IF( $N17 < 0.875, MAX(0, MIN(($H17 / 1000) * AV$10 * $BN$4, AV$11 * 0.876) - (AV$11 * $N17)) * 0.25, 0 )} -> 0 | AW17: {=IF( AND($H17 > $BN$7, Tabella01MarzoInverter[[#This Row],[Active power TX3-INV-3]] <= 0), IF( Tabella01MarzoInverter[[#This Row],[TX3 - Average Power]:[TX3 - Average Power]] > 0, Tabella01MarzoInverter[[#This Row],[TX3 - Average Power]:[TX3 - Average Power]] * 0.25, ($H17 / 1000) * AW$10 * $BN$4 * 0.25 ), 0 ) + IF( $N17 < 0.875, MAX(0, MIN(($H17 / 1000) * AW$10 * $BN$4, AW$11 * 0.876) - (AW$11 * $N17)) * 0.25, 0 )} -> 0 | AX17: {=IF( AND($H17 > $BN$7, Tabella01MarzoInverter[[#This Row],[Active power TX3-INV-4]] <= 0), IF( Tabella01MarzoInverter[[#This Row],[TX3 - Average Power]:[TX3 - Average Power]] > 0, Tabella01MarzoInverter[[#This Row],[TX3 - Average Power]:[TX3 - Average Power]] * 0.25, ($H17 / 1000) * AX$10 * $BN$4 * 0.25 ), 0 ) + IF( $N17 < 0.875, MAX(0, MIN(($H17 / 1000) * AX$10 * $BN$4, AX$11 * 0.876) - (AX$11 * $N17)) * 0.25, 0 )} -> 0 | AY17: {=IF( AND($H17 > $BN$7, Tabella01MarzoInverter[[#This Row],[Active power TX3-INV-5]] <= 0), IF( Tabella01MarzoInverter[[#This Row],[TX3 - Average Power]:[TX3 - Average Power]] > 0, Tabella01MarzoInverter[[#This Row],[TX3 - Average Power]:[TX3 - Average Power]] * 0.25, ($H17 / 1000) * AY$10 * $BN$4 * 0.25 ), 0 ) + IF( $N17 < 0.875, MAX(0, MIN(($H17 / 1000) * AY$10 * $BN$4, AY$11 * 0.876) - (AY$11 * $N17)) * 0.25, 0 )} -> 0 | AZ17: {=IF( AND($H17 > $BN$7, Tabella01MarzoInverter[[#This Row],[Active power TX3-INV-6]] <= 0), IF( Tabella01MarzoInverter[[#This Row],[TX3 - Average Power]:[TX3 - Average Power]] > 0, Tabella01MarzoInverter[[#This Row],[TX3 - Average Power]:[TX3 - Average Power]] * 0.25, ($H17 / 1000) * AZ$10 * $BN$4 * 0.25 ), 0 ) + IF( $N17 < 0.875, MAX(0, MIN(($H17 / 1000) * AZ$10 * $BN$4, AZ$11 * 0.876) - (AZ$11 * $N17)) * 0.25, 0 )} -> 0 | BA17: {=IF( AND($H17 > $BN$7, Tabella01MarzoInverter[[#This Row],[Active power TX3-INV-7]] <= 0), IF( Tabella01MarzoInverter[[#This Row],[TX3 - Average Power]:[TX3 - Average Power]] > 0, Tabella01MarzoInverter[[#This Row],[TX3 - Average Power]:[TX3 - Average Power]] * 0.25, ($H17 / 1000) * BA$10 * $BN$4 * 0.25 ), 0 ) + IF( $N17 < 0.875, MAX(0, MIN(($H17 / 1000) * BA$10 * $BN$4, BA$11 * 0.876) - (BA$11 * $N17)) * 0.25, 0 )} -> 0 | BB17: {=IF( AND($H17 > $BN$7, Tabella01MarzoInverter[[#This Row],[Active power TX3-INV-8]] <= 0), IF( Tabella01MarzoInverter[[#This Row],[TX3 - Average Power]:[TX3 - Average Power]] > 0, Tabella01MarzoInverter[[#This Row],[TX3 - Average Power]:[TX3 - Average Power]] * 0.25, ($H17 / 1000) * BB$10 * $BN$4 * 0.25 ), 0 ) + IF( $N17 < 0.875, MAX(0, MIN(($H17 / 1000) * BB$10 * $BN$4, BB$11 * 0.876) - (BB$11 * $N17)) * 0.25, 0 )} -> 0 | BC17: {=IF( AND($H17 > $BN$7, Tabella01MarzoInverter[[#This Row],[Active power TX3-INV-9]] <= 0), IF( Tabella01MarzoInverter[[#This Row],[TX3 - Average Power]:[TX3 - Average Power]] > 0, Tabella01MarzoInverter[[#This Row],[TX3 - Average Power]:[TX3 - Average Power]] * 0.25, ($H17 / 1000) * BC$10 * $BN$4 * 0.25 ), 0 ) + IF( $N17 < 0.875, MAX(0, MIN(($H17 / 1000) * BC$10 * $BN$4, BC$11 * 0.876) - (BC$11 * $N17)) * 0.25, 0 )} -> 0 | BD17: {=IF( AND($H17 > $BN$7, Tabella01MarzoInverter[[#This Row],[Active power TX3-INV-10]] <= 0), IF( Tabella01MarzoInverter[[#This Row],[TX3 - Average Power]:[TX3 - Average Power]] > 0, Tabella01MarzoInverter[[#This Row],[TX3 - Average Power]:[TX3 - Average Power]] * 0.25, ($H17 / 1000) * BD$10 * $BN$4 * 0.25 ), 0 ) + IF( $N17 < 0.875, MAX(0, MIN(($H17 / 1000) * BD$10 * $BN$4, BD$11 * 0.876) - (BD$11 * $N17)) * 0.25, 0 )} -> 0 | BE17: {=IF( AND($H17 > $BN$7, Tabella01MarzoInverter[[#This Row],[Active power TX3-INV-11]] <= 0), IF( Tabella01MarzoInverter[[#This Row],[TX3 - Average Power]:[TX3 - Average Power]] > 0, Tabella01MarzoInverter[[#This Row],[TX3 - Average Power]:[TX3 - Average Power]] * 0.25, ($H17 / 1000) * BE$10 * $BN$4 * 0.25 ), 0 ) + IF( $N17 < 0.875, MAX(0, MIN(($H17 / 1000) * BE$10 * $BN$4, BE$11 * 0.876) - (BE$11 * $N17)) * 0.25, 0 )} -> 0 | BF17: {=IF( AND($H17 > $BN$7, Tabella01MarzoInverter[[#This Row],[Active power TX3-INV-12]] <= 0), IF( Tabella01MarzoInverter[[#This Row],[TX3 - Average Power]:[TX3 - Average Power]] > 0, Tabella01MarzoInverter[[#This Row],[TX3 - Average Power]:[TX3 - Average Power]] * 0.25, ($H17 / 1000) * BF$10 * $BN$4 * 0.25 ), 0 ) + IF( $N17 < 0.875, MAX(0, MIN(($H17 / 1000) * BF$10 * $BN$4, BF$11 * 0.876) - (BF$11 * $N17)) * 0.25, 0 )} -> 0 | BG17: =AVERAGE(TabellaMar2026[[#This Row],[Colonna55]:[Colonna53]]) -> 0 | BH17: =MAX(TabellaMar2026[[#This Row],[Colonna55]:[Colonna53]]) -> 0 | BI17: =MIN(TabellaMar2026[[#This Row],[Colonna55]:[Colonna53]]) -> 0 | BJ17: =SUM(TabellaMar2026[[#This Row],[Colonna54]:[Colonna53]]) -> 0 | BK17: =(SUM(Tabella01MarzoInverter[[Active power TX1-INV-1]:[Active power TX3-INV-12]]) * 0.25) / (12625 * (SUM($G$15:$H$110) * 0.25 / 1000)) -> 1.0142296
A18: 46147 | B18: 00:45:00.000 | C18: -0.5 | D18: -0.000125 | E18: 0 | F18: 0 | G18: =IFERROR((D18+F18)/2, 0) -> -6.25e-05 | H18: =IFERROR(IF(AVERAGE(C18,E18)>$BN$7,AVERAGE(C18,E18),0), 0) -> 0 | I18: =IFERROR(IF(AND(D18=0,F18=0),0,IF(H18>$BN$6,MAX(D18,F18),G18)), 0) -> -6.25e-05 | J18: =IFERROR(IF(AND(D18>0,F18>0),ABS(D18-F18)/AVERAGE(D18,F18),0), 0) -> 0 | K18: 30386.2 | L18: 30386.2 | M18: =IFERROR((L18-K18)*1000, 0) -> 0 | N18: 0.876 | O18: {=IF( AND($H18 > $BN$7, Tabella01MarzoInverter[[#This Row],[Active power TX1-INV-1]] <= 0), IF( Tabella01MarzoInverter[[#This Row],[TX1 - Average Power]:[TX1 - Average Power]] > 0, Tabella01MarzoInverter[[#This Row],[TX1 - Average Power]:[TX1 - Average Power]] * 0.25, ($H18 / 1000) * O$10 * $BN$4 * 0.25 ), 0 ) + IF( $N18 < 0.875, MAX(0, MIN(($H18 / 1000) * O$10 * $BN$4, O$11 * 0.876) - (O$11 * $N18)) * 0.25, 0 )} -> 0 | P18: {=IF( AND($H18 > $BN$7, Tabella01MarzoInverter[[#This Row],[Active power TX1-INV-2]] <= 0), IF( Tabella01MarzoInverter[[#This Row],[TX1 - Average Power]:[TX1 - Average Power]] > 0, Tabella01MarzoInverter[[#This Row],[TX1 - Average Power]:[TX1 - Average Power]] * 0.25, ($H18 / 1000) * P$10 * $BN$4 * 0.25 ), 0 ) + IF( $N18 < 0.875, MAX(0, MIN(($H18 / 1000) * P$10 * $BN$4, P$11 * 0.876) - (P$11 * $N18)) * 0.25, 0 )} -> 0 | Q18: {=IF( AND($H18 > $BN$7, Tabella01MarzoInverter[[#This Row],[Active power TX1-INV-3]] <= 0), IF( Tabella01MarzoInverter[[#This Row],[TX1 - Average Power]:[TX1 - Average Power]] > 0, Tabella01MarzoInverter[[#This Row],[TX1 - Average Power]:[TX1 - Average Power]] * 0.25, ($H18 / 1000) * Q$10 * $BN$4 * 0.25 ), 0 ) + IF( $N18 < 0.875, MAX(0, MIN(($H18 / 1000) * Q$10 * $BN$4, Q$11 * 0.876) - (Q$11 * $N18)) * 0.25, 0 )} -> 0 | R18: {=IF( AND($H18 > $BN$7, Tabella01MarzoInverter[[#This Row],[Active power TX1-INV-4]] <= 0), IF( Tabella01MarzoInverter[[#This Row],[TX1 - Average Power]:[TX1 - Average Power]] > 0, Tabella01MarzoInverter[[#This Row],[TX1 - Average Power]:[TX1 - Average Power]] * 0.25, ($H18 / 1000) * R$10 * $BN$4 * 0.25 ), 0 ) + IF( $N18 < 0.875, MAX(0, MIN(($H18 / 1000) * R$10 * $BN$4, R$11 * 0.876) - (R$11 * $N18)) * 0.25, 0 )} -> 0 | S18: {=IF( AND($H18 > $BN$7, Tabella01MarzoInverter[[#This Row],[Active power TX1-INV-5]] <= 0), IF( Tabella01MarzoInverter[[#This Row],[TX1 - Average Power]:[TX1 - Average Power]] > 0, Tabella01MarzoInverter[[#This Row],[TX1 - Average Power]:[TX1 - Average Power]] * 0.25, ($H18 / 1000) * S$10 * $BN$4 * 0.25 ), 0 ) + IF( $N18 < 0.875, MAX(0, MIN(($H18 / 1000) * S$10 * $BN$4, S$11 * 0.876) - (S$11 * $N18)) * 0.25, 0 )} -> 0 | T18: {=IF( AND($H18 > $BN$7, Tabella01MarzoInverter[[#This Row],[Active power TX1-INV-6]] <= 0), IF( Tabella01MarzoInverter[[#This Row],[TX1 - Average Power]:[TX1 - Average Power]] > 0, Tabella01MarzoInverter[[#This Row],[TX1 - Average Power]:[TX1 - Average Power]] * 0.25, ($H18 / 1000) * T$10 * $BN$4 * 0.25 ), 0 ) + IF( $N18 < 0.875, MAX(0, MIN(($H18 / 1000) * T$10 * $BN$4, T$11 * 0.876) - (T$11 * $N18)) * 0.25, 0 )} -> 0 | U18: {=IF( AND($H18 > $BN$7, Tabella01MarzoInverter[[#This Row],[Active power TX1-INV-7]] <= 0), IF( Tabella01MarzoInverter[[#This Row],[TX1 - Average Power]:[TX1 - Average Power]] > 0, Tabella01MarzoInverter[[#This Row],[TX1 - Average Power]:[TX1 - Average Power]] * 0.25, ($H18 / 1000) * U$10 * $BN$4 * 0.25 ), 0 ) + IF( $N18 < 0.875, MAX(0, MIN(($H18 / 1000) * U$10 * $BN$4, U$11 * 0.876) - (U$11 * $N18)) * 0.25, 0 )} -> 0 | V18: {=IF( AND($H18 > $BN$7, Tabella01MarzoInverter[[#This Row],[Active power TX1-INV-8]] <= 0), IF( Tabella01MarzoInverter[[#This Row],[TX1 - Average Power]:[TX1 - Average Power]] > 0, Tabella01MarzoInverter[[#This Row],[TX1 - Average Power]:[TX1 - Average Power]] * 0.25, ($H18 / 1000) * V$10 * $BN$4 * 0.25 ), 0 ) + IF( $N18 < 0.875, MAX(0, MIN(($H18 / 1000) * V$10 * $BN$4, V$11 * 0.876) - (V$11 * $N18)) * 0.25, 0 )} -> 0 | W18: {=IF( AND($H18 > $BN$7, Tabella01MarzoInverter[[#This Row],[Active power TX1-INV-9]] <= 0), IF( Tabella01MarzoInverter[[#This Row],[TX1 - Average Power]:[TX1 - Average Power]] > 0, Tabella01MarzoInverter[[#This Row],[TX1 - Average Power]:[TX1 - Average Power]] * 0.25, ($H18 / 1000) * W$10 * $BN$4 * 0.25 ), 0 ) + IF( $N18 < 0.875, MAX(0, MIN(($H18 / 1000) * W$10 * $BN$4, W$11 * 0.876) - (W$11 * $N18)) * 0.25, 0 )} -> 0 | X18: {=IF( AND($H18 > $BN$7, Tabella01MarzoInverter[[#This Row],[Active power TX1-INV-10]] <= 0), IF( Tabella01MarzoInverter[[#This Row],[TX1 - Average Power]:[TX1 - Average Power]] > 0, Tabella01MarzoInverter[[#This Row],[TX1 - Average Power]:[TX1 - Average Power]] * 0.25, ($H18 / 1000) * X$10 * $BN$4 * 0.25 ), 0 ) + IF( $N18 < 0.875, MAX(0, MIN(($H18 / 1000) * X$10 * $BN$4, X$11 * 0.876) - (X$11 * $N18)) * 0.25, 0 )} -> 0 | Y18: {=IF( AND($H18 > $BN$7, Tabella01MarzoInverter[[#This Row],[Active power TX1-INV-11]] <= 0), IF( Tabella01MarzoInverter[[#This Row],[TX1 - Average Power]:[TX1 - Average Power]] > 0, Tabella01MarzoInverter[[#This Row],[TX1 - Average Power]:[TX1 - Average Power]] * 0.25, ($H18 / 1000) * Y$10 * $BN$4 * 0.25 ), 0 ) + IF( $N18 < 0.875, MAX(0, MIN(($H18 / 1000) * Y$10 * $BN$4, Y$11 * 0.876) - (Y$11 * $N18)) * 0.25, 0 )} -> 0 | Z18: {=IF( AND($H18 > $BN$7, Tabella01MarzoInverter[[#This Row],[Active power TX1-INV-12]] <= 0), IF( Tabella01MarzoInverter[[#This Row],[TX1 - Average Power]:[TX1 - Average Power]] > 0, Tabella01MarzoInverter[[#This Row],[TX1 - Average Power]:[TX1 - Average Power]] * 0.25, ($H18 / 1000) * Z$10 * $BN$4 * 0.25 ), 0 ) + IF( $N18 < 0.875, MAX(0, MIN(($H18 / 1000) * Z$10 * $BN$4, Z$11 * 0.876) - (Z$11 * $N18)) * 0.25, 0 )} -> 0 | AA18: =AVERAGE(TabellaMar2026[[#This Row],[Colonna24]:[Colonna20]]) -> 0 | AB18: =MAX(TabellaMar2026[[#This Row],[Colonna24]:[Colonna20]]) -> 0 | AC18: =MIN(TabellaMar2026[[#This Row],[Colonna24]:[Colonna20]]) -> 0 | AD18: =SUM(TabellaMar2026[[#This Row],[Colonna24]:[Colonna20]]) -> 0 | AE18: =IF( AND($H18 > $BN$7, Tabella01MarzoInverter[[#This Row],[Active power TX2-INV-1]] <= 0, Tabella01MarzoInverter[[#This Row],[TX2 - Average Power]] <= 0), MIN(($H18 / 1000) * AE$10 * $BN$4, AE$11 * 0.876) * 0.25, IF( AND($H18 > $BN$7, Tabella01MarzoInverter[[#This Row],[Active power TX2-INV-1]] <= 0), Tabella01MarzoInverter[[#This Row],[TX2 - Average Power]] * 0.25, 0 ) + IF( $N18 < 0.875, MAX(0, MIN(($H18 / 1000) * AE$10 * $BN$4, AE$11 * 0.876) - (AE$11 * $N18)) * 0.25, 0 ) ) -> 0 | AF18: =IF( AND($H18 > $BN$7, Tabella01MarzoInverter[[#This Row],[Active power TX2-INV-2]] <= 0, Tabella01MarzoInverter[[#This Row],[TX2 - Max Power]] <= 0), MIN(($H18 / 1000) * AF$10 * $BN$4, AF$11 * 0.876) * 0.25, IF( AND($H18 > $BN$7, Tabella01MarzoInverter[[#This Row],[Active power TX2-INV-2]] <= 0), Tabella01MarzoInverter[[#This Row],[TX2 - Max Power]] * 0.25, 0 ) + IF( $N18 < 0.875, MAX(0, MIN(($H18 / 1000) * AF$10 * $BN$4, AF$11 * 0.876) - (AF$11 * $N18)) * 0.25, 0 ) ) -> 0 | AG18: =IF( AND($H18 > $BN$7, Tabella01MarzoInverter[[#This Row],[Active power TX2-INV-3]] <= 0, Tabella01MarzoInverter[[#This Row],[TX2 - Min Power]] <= 0), MIN(($H18 / 1000) * AG$10 * $BN$4, AG$11 * 0.876) * 0.25, IF( AND($H18 > $BN$7, Tabella01MarzoInverter[[#This Row],[Active power TX2-INV-3]] <= 0), Tabella01MarzoInverter[[#This Row],[TX2 - Min Power]] * 0.25, 0 ) + IF( $N18 < 0.875, MAX(0, MIN(($H18 / 1000) * AG$10 * $BN$4, AG$11 * 0.876) - (AG$11 * $N18)) * 0.25, 0 ) ) -> 0 | AH18: =IF( AND($H18 > $BN$7, Tabella01MarzoInverter[[#This Row],[Active power TX2-INV-4]] <= 0, Tabella01MarzoInverter[[#This Row],[Active power TX3-INV-1]] <= 0), MIN(($H18 / 1000) * AH$10 * $BN$4, AH$11 * 0.876) * 0.25, IF( AND($H18 > $BN$7, Tabella01MarzoInverter[[#This Row],[Active power TX2-INV-4]] <= 0), Tabella01MarzoInverter[[#This Row],[Active power TX3-INV-1]] * 0.25, 0 ) + IF( $N18 < 0.875, MAX(0, MIN(($H18 / 1000) * AH$10 * $BN$4, AH$11 * 0.876) - (AH$11 * $N18)) * 0.25, 0 ) ) -> 0 | AI18: =IF( AND($H18 > $BN$7, Tabella01MarzoInverter[[#This Row],[Active power TX2-INV-5]] <= 0, Tabella01MarzoInverter[[#This Row],[Active power TX3-INV-2]] <= 0), MIN(($H18 / 1000) * AI$10 * $BN$4, AI$11 * 0.876) * 0.25, IF( AND($H18 > $BN$7, Tabella01MarzoInverter[[#This Row],[Active power TX2-INV-5]] <= 0), Tabella01MarzoInverter[[#This Row],[Active power TX3-INV-2]] * 0.25, 0 ) + IF( $N18 < 0.875, MAX(0, MIN(($H18 / 1000) * AI$10 * $BN$4, AI$11 * 0.876) - (AI$11 * $N18)) * 0.25, 0 ) ) -> 0 | AJ18: =IF( AND($H18 > $BN$7, Tabella01MarzoInverter[[#This Row],[Active power TX2-INV-6]] <= 0, Tabella01MarzoInverter[[#This Row],[Active power TX3-INV-3]] <= 0), MIN(($H18 / 1000) * AJ$10 * $BN$4, AJ$11 * 0.876) * 0.25, IF( AND($H18 > $BN$7, Tabella01MarzoInverter[[#This Row],[Active power TX2-INV-6]] <= 0), Tabella01MarzoInverter[[#This Row],[Active power TX3-INV-3]] * 0.25, 0 ) + IF( $N18 < 0.875, MAX(0, MIN(($H18 / 1000) * AJ$10 * $BN$4, AJ$11 * 0.876) - (AJ$11 * $N18)) * 0.25, 0 ) ) -> 0 | AK18: =IF( AND($H18 > $BN$7, Tabella01MarzoInverter[[#This Row],[Active power TX2-INV-7]] <= 0, Tabella01MarzoInverter[[#This Row],[Active power TX3-INV-4]] <= 0), MIN(($H18 / 1000) * AK$10 * $BN$4, AK$11 * 0.876) * 0.25, IF( AND($H18 > $BN$7, Tabella01MarzoInverter[[#This Row],[Active power TX2-INV-7]] <= 0), Tabella01MarzoInverter[[#This Row],[Active power TX3-INV-4]] * 0.25, 0 ) + IF( $N18 < 0.875, MAX(0, MIN(($H18 / 1000) * AK$10 * $BN$4, AK$11 * 0.876) - (AK$11 * $N18)) * 0.25, 0 ) ) -> 0 | AL18: =IF( AND($H18 > $BN$7, Tabella01MarzoInverter[[#This Row],[Active power TX2-INV-8]] <= 0, Tabella01MarzoInverter[[#This Row],[Active power TX3-INV-5]] <= 0), MIN(($H18 / 1000) * AL$10 * $BN$4, AL$11 * 0.876) * 0.25, IF( AND($H18 > $BN$7, Tabella01MarzoInverter[[#This Row],[Active power TX2-INV-8]] <= 0), Tabella01MarzoInverter[[#This Row],[Active power TX3-INV-5]] * 0.25, 0 ) + IF( $N18 < 0.875, MAX(0, MIN(($H18 / 1000) * AL$10 * $BN$4, AL$11 * 0.876) - (AL$11 * $N18)) * 0.25, 0 ) ) -> 0 | AM18: =IF( AND($H18 > $BN$7, Tabella01MarzoInverter[[#This Row],[Active power TX2-INV-9]] <= 0, Tabella01MarzoInverter[[#This Row],[Active power TX3-INV-6]] <= 0), MIN(($H18 / 1000) * AM$10 * $BN$4, AM$11 * 0.876) * 0.25, IF( AND($H18 > $BN$7, Tabella01MarzoInverter[[#This Row],[Active power TX2-INV-9]] <= 0), Tabella01MarzoInverter[[#This Row],[Active power TX3-INV-6]] * 0.25, 0 ) + IF( $N18 < 0.875, MAX(0, MIN(($H18 / 1000) * AM$10 * $BN$4, AM$11 * 0.876) - (AM$11 * $N18)) * 0.25, 0 ) ) -> 0 | AN18: =IF( AND($H18 > $BN$7, Tabella01MarzoInverter[[#This Row],[Active power TX2-INV-10]] <= 0, Tabella01MarzoInverter[[#This Row],[Active power TX3-INV-7]] <= 0), MIN(($H18 / 1000) * AN$10 * $BN$4, AN$11 * 0.876) * 0.25, IF( AND($H18 > $BN$7, Tabella01MarzoInverter[[#This Row],[Active power TX2-INV-10]] <= 0), Tabella01MarzoInverter[[#This Row],[Active power TX3-INV-7]] * 0.25, 0 ) + IF( $N18 < 0.875, MAX(0, MIN(($H18 / 1000) * AN$10 * $BN$4, AN$11 * 0.876) - (AN$11 * $N18)) * 0.25, 0 ) ) -> 0 | AO18: =IF( AND($H18 > $BN$7, Tabella01MarzoInverter[[#This Row],[Active power TX2-INV-11]] <= 0, Tabella01MarzoInverter[[#This Row],[Active power TX3-INV-8]] <= 0), MIN(($H18 / 1000) * AO$10 * $BN$4, AO$11 * 0.876) * 0.25, IF( AND($H18 > $BN$7, Tabella01MarzoInverter[[#This Row],[Active power TX2-INV-11]] <= 0), Tabella01MarzoInverter[[#This Row],[Active power TX3-INV-8]] * 0.25, 0 ) + IF( $N18 < 0.875, MAX(0, MIN(($H18 / 1000) * AO$10 * $BN$4, AO$11 * 0.876) - (AO$11 * $N18)) * 0.25, 0 ) ) -> 0 | AP18: =IF( AND($H18 > $BN$7, Tabella01MarzoInverter[[#This Row],[Active power TX2-INV-12]] <= 0, Tabella01MarzoInverter[[#This Row],[Active power TX3-INV-9]] <= 0), MIN(($H18 / 1000) * AP$10 * $BN$4, AP$11 * 0.876) * 0.25, IF( AND($H18 > $BN$7, Tabella01MarzoInverter[[#This Row],[Active power TX2-INV-12]] <= 0), Tabella01MarzoInverter[[#This Row],[Active power TX3-INV-9]] * 0.25, 0 ) + IF( $N18 < 0.875, MAX(0, MIN(($H18 / 1000) * AP$10 * $BN$4, AP$11 * 0.876) - (AP$11 * $N18)) * 0.25, 0 ) ) -> 0 | AQ18: =AVERAGE(TabellaMar2026[[#This Row],[Colonna39]:[Colonna6]]) -> 0 | AR18: =MAX(TabellaMar2026[[#This Row],[Colonna39]:[Colonna6]]) -> 0 | AS18: =MIN(TabellaMar2026[[#This Row],[Colonna39]:[Colonna6]]) -> 0 | AT18: =SUM(TabellaMar2026[[#This Row],[Colonna39]:[Colonna6]]) -> 0 | AU18: {=IF( AND($H18 > $BN$7, Tabella01MarzoInverter[[#This Row],[Active power TX3-INV-1]] <= 0), IF( Tabella01MarzoInverter[[#This Row],[TX3 - Average Power]:[TX3 - Average Power]] > 0, Tabella01MarzoInverter[[#This Row],[TX3 - Average Power]:[TX3 - Average Power]] * 0.25, ($H18 / 1000) * AU$10 * $BN$4 * 0.25 ), 0 ) + IF( $N18 < 0.875, MAX(0, MIN(($H18 / 1000) * AU$10 * $BN$4, AU$11 * 0.876) - (AU$11 * $N18)) * 0.25, 0 )} -> 0 | AV18: {=IF( AND($H18 > $BN$7, Tabella01MarzoInverter[[#This Row],[Active power TX3-INV-2]] <= 0), IF( Tabella01MarzoInverter[[#This Row],[TX3 - Average Power]:[TX3 - Average Power]] > 0, Tabella01MarzoInverter[[#This Row],[TX3 - Average Power]:[TX3 - Average Power]] * 0.25, ($H18 / 1000) * AV$10 * $BN$4 * 0.25 ), 0 ) + IF( $N18 < 0.875, MAX(0, MIN(($H18 / 1000) * AV$10 * $BN$4, AV$11 * 0.876) - (AV$11 * $N18)) * 0.25, 0 )} -> 0 | AW18: {=IF( AND($H18 > $BN$7, Tabella01MarzoInverter[[#This Row],[Active power TX3-INV-3]] <= 0), IF( Tabella01MarzoInverter[[#This Row],[TX3 - Average Power]:[TX3 - Average Power]] > 0, Tabella01MarzoInverter[[#This Row],[TX3 - Average Power]:[TX3 - Average Power]] * 0.25, ($H18 / 1000) * AW$10 * $BN$4 * 0.25 ), 0 ) + IF( $N18 < 0.875, MAX(0, MIN(($H18 / 1000) * AW$10 * $BN$4, AW$11 * 0.876) - (AW$11 * $N18)) * 0.25, 0 )} -> 0 | AX18: {=IF( AND($H18 > $BN$7, Tabella01MarzoInverter[[#This Row],[Active power TX3-INV-4]] <= 0), IF( Tabella01MarzoInverter[[#This Row],[TX3 - Average Power]:[TX3 - Average Power]] > 0, Tabella01MarzoInverter[[#This Row],[TX3 - Average Power]:[TX3 - Average Power]] * 0.25, ($H18 / 1000) * AX$10 * $BN$4 * 0.25 ), 0 ) + IF( $N18 < 0.875, MAX(0, MIN(($H18 / 1000) * AX$10 * $BN$4, AX$11 * 0.876) - (AX$11 * $N18)) * 0.25, 0 )} -> 0 | AY18: {=IF( AND($H18 > $BN$7, Tabella01MarzoInverter[[#This Row],[Active power TX3-INV-5]] <= 0), IF( Tabella01MarzoInverter[[#This Row],[TX3 - Average Power]:[TX3 - Average Power]] > 0, Tabella01MarzoInverter[[#This Row],[TX3 - Average Power]:[TX3 - Average Power]] * 0.25, ($H18 / 1000) * AY$10 * $BN$4 * 0.25 ), 0 ) + IF( $N18 < 0.875, MAX(0, MIN(($H18 / 1000) * AY$10 * $BN$4, AY$11 * 0.876) - (AY$11 * $N18)) * 0.25, 0 )} -> 0 | AZ18: {=IF( AND($H18 > $BN$7, Tabella01MarzoInverter[[#This Row],[Active power TX3-INV-6]] <= 0), IF( Tabella01MarzoInverter[[#This Row],[TX3 - Average Power]:[TX3 - Average Power]] > 0, Tabella01MarzoInverter[[#This Row],[TX3 - Average Power]:[TX3 - Average Power]] * 0.25, ($H18 / 1000) * AZ$10 * $BN$4 * 0.25 ), 0 ) + IF( $N18 < 0.875, MAX(0, MIN(($H18 / 1000) * AZ$10 * $BN$4, AZ$11 * 0.876) - (AZ$11 * $N18)) * 0.25, 0 )} -> 0 | BA18: {=IF( AND($H18 > $BN$7, Tabella01MarzoInverter[[#This Row],[Active power TX3-INV-7]] <= 0), IF( Tabella01MarzoInverter[[#This Row],[TX3 - Average Power]:[TX3 - Average Power]] > 0, Tabella01MarzoInverter[[#This Row],[TX3 - Average Power]:[TX3 - Average Power]] * 0.25, ($H18 / 1000) * BA$10 * $BN$4 * 0.25 ), 0 ) + IF( $N18 < 0.875, MAX(0, MIN(($H18 / 1000) * BA$10 * $BN$4, BA$11 * 0.876) - (BA$11 * $N18)) * 0.25, 0 )} -> 0 | BB18: {=IF( AND($H18 > $BN$7, Tabella01MarzoInverter[[#This Row],[Active power TX3-INV-8]] <= 0), IF( Tabella01MarzoInverter[[#This Row],[TX3 - Average Power]:[TX3 - Average Power]] > 0, Tabella01MarzoInverter[[#This Row],[TX3 - Average Power]:[TX3 - Average Power]] * 0.25, ($H18 / 1000) * BB$10 * $BN$4 * 0.25 ), 0 ) + IF( $N18 < 0.875, MAX(0, MIN(($H18 / 1000) * BB$10 * $BN$4, BB$11 * 0.876) - (BB$11 * $N18)) * 0.25, 0 )} -> 0 | BC18: {=IF( AND($H18 > $BN$7, Tabella01MarzoInverter[[#This Row],[Active power TX3-INV-9]] <= 0), IF( Tabella01MarzoInverter[[#This Row],[TX3 - Average Power]:[TX3 - Average Power]] > 0, Tabella01MarzoInverter[[#This Row],[TX3 - Average Power]:[TX3 - Average Power]] * 0.25, ($H18 / 1000) * BC$10 * $BN$4 * 0.25 ), 0 ) + IF( $N18 < 0.875, MAX(0, MIN(($H18 / 1000) * BC$10 * $BN$4, BC$11 * 0.876) - (BC$11 * $N18)) * 0.25, 0 )} -> 0 | BD18: {=IF( AND($H18 > $BN$7, Tabella01MarzoInverter[[#This Row],[Active power TX3-INV-10]] <= 0), IF( Tabella01MarzoInverter[[#This Row],[TX3 - Average Power]:[TX3 - Average Power]] > 0, Tabella01MarzoInverter[[#This Row],[TX3 - Average Power]:[TX3 - Average Power]] * 0.25, ($H18 / 1000) * BD$10 * $BN$4 * 0.25 ), 0 ) + IF( $N18 < 0.875, MAX(0, MIN(($H18 / 1000) * BD$10 * $BN$4, BD$11 * 0.876) - (BD$11 * $N18)) * 0.25, 0 )} -> 0 | BE18: {=IF( AND($H18 > $BN$7, Tabella01MarzoInverter[[#This Row],[Active power TX3-INV-11]] <= 0), IF( Tabella01MarzoInverter[[#This Row],[TX3 - Average Power]:[TX3 - Average Power]] > 0, Tabella01MarzoInverter[[#This Row],[TX3 - Average Power]:[TX3 - Average Power]] * 0.25, ($H18 / 1000) * BE$10 * $BN$4 * 0.25 ), 0 ) + IF( $N18 < 0.875, MAX(0, MIN(($H18 / 1000) * BE$10 * $BN$4, BE$11 * 0.876) - (BE$11 * $N18)) * 0.25, 0 )} -> 0 | BF18: {=IF( AND($H18 > $BN$7, Tabella01MarzoInverter[[#This Row],[Active power TX3-INV-12]] <= 0), IF( Tabella01MarzoInverter[[#This Row],[TX3 - Average Power]:[TX3 - Average Power]] > 0, Tabella01MarzoInverter[[#This Row],[TX3 - Average Power]:[TX3 - Average Power]] * 0.25, ($H18 / 1000) * BF$10 * $BN$4 * 0.25 ), 0 ) + IF( $N18 < 0.875, MAX(0, MIN(($H18 / 1000) * BF$10 * $BN$4, BF$11 * 0.876) - (BF$11 * $N18)) * 0.25, 0 )} -> 0 | BG18: =AVERAGE(TabellaMar2026[[#This Row],[Colonna55]:[Colonna53]]) -> 0 | BH18: =MAX(TabellaMar2026[[#This Row],[Colonna55]:[Colonna53]]) -> 0 | BI18: =MIN(TabellaMar2026[[#This Row],[Colonna55]:[Colonna53]]) -> 0 | BJ18: =SUM(TabellaMar2026[[#This Row],[Colonna54]:[Colonna53]]) -> 0 | BK18: =(SUM(Tabella01MarzoInverter[[Active power TX1-INV-1]:[Active power TX3-INV-12]]) * 0.25) / (12625 * (SUM($G$15:$H$110) * 0.25 / 1000)) -> 1.0142296
A19: 46147 | B19: 01:00:00.000 | C19: 0 | D19: 0 | E19: 0 | F19: 0 | G19: =IFERROR((D19+F19)/2, 0) -> 0 | H19: =IFERROR(IF(AVERAGE(C19,E19)>$BN$7,AVERAGE(C19,E19),0), 0) -> 0 | I19: =IFERROR(IF(AND(D19=0,F19=0),0,IF(H19>$BN$6,MAX(D19,F19),G19)), 0) -> 0 | J19: =IFERROR(IF(AND(D19>0,F19>0),ABS(D19-F19)/AVERAGE(D19,F19),0), 0) -> 0 | K19: 30386.2 | L19: 30386.2 | M19: =IFERROR((L19-K19)*1000, 0) -> 0 | N19: 0.876 | O19: {=IF( AND($H19 > $BN$7, Tabella01MarzoInverter[[#This Row],[Active power TX1-INV-1]] <= 0), IF( Tabella01MarzoInverter[[#This Row],[TX1 - Average Power]:[TX1 - Average Power]] > 0, Tabella01MarzoInverter[[#This Row],[TX1 - Average Power]:[TX1 - Average Power]] * 0.25, ($H19 / 1000) * O$10 * $BN$4 * 0.25 ), 0 ) + IF( $N19 < 0.875, MAX(0, MIN(($H19 / 1000) * O$10 * $BN$4, O$11 * 0.876) - (O$11 * $N19)) * 0.25, 0 )} -> 0 | P19: {=IF( AND($H19 > $BN$7, Tabella01MarzoInverter[[#This Row],[Active power TX1-INV-2]] <= 0), IF( Tabella01MarzoInverter[[#This Row],[TX1 - Average Power]:[TX1 - Average Power]] > 0, Tabella01MarzoInverter[[#This Row],[TX1 - Average Power]:[TX1 - Average Power]] * 0.25, ($H19 / 1000) * P$10 * $BN$4 * 0.25 ), 0 ) + IF( $N19 < 0.875, MAX(0, MIN(($H19 / 1000) * P$10 * $BN$4, P$11 * 0.876) - (P$11 * $N19)) * 0.25, 0 )} -> 0 | Q19: {=IF( AND($H19 > $BN$7, Tabella01MarzoInverter[[#This Row],[Active power TX1-INV-3]] <= 0), IF( Tabella01MarzoInverter[[#This Row],[TX1 - Average Power]:[TX1 - Average Power]] > 0, Tabella01MarzoInverter[[#This Row],[TX1 - Average Power]:[TX1 - Average Power]] * 0.25, ($H19 / 1000) * Q$10 * $BN$4 * 0.25 ), 0 ) + IF( $N19 < 0.875, MAX(0, MIN(($H19 / 1000) * Q$10 * $BN$4, Q$11 * 0.876) - (Q$11 * $N19)) * 0.25, 0 )} -> 0 | R19: {=IF( AND($H19 > $BN$7, Tabella01MarzoInverter[[#This Row],[Active power TX1-INV-4]] <= 0), IF( Tabella01MarzoInverter[[#This Row],[TX1 - Average Power]:[TX1 - Average Power]] > 0, Tabella01MarzoInverter[[#This Row],[TX1 - Average Power]:[TX1 - Average Power]] * 0.25, ($H19 / 1000) * R$10 * $BN$4 * 0.25 ), 0 ) + IF( $N19 < 0.875, MAX(0, MIN(($H19 / 1000) * R$10 * $BN$4, R$11 * 0.876) - (R$11 * $N19)) * 0.25, 0 )} -> 0 | S19: {=IF( AND($H19 > $BN$7, Tabella01MarzoInverter[[#This Row],[Active power TX1-INV-5]] <= 0), IF( Tabella01MarzoInverter[[#This Row],[TX1 - Average Power]:[TX1 - Average Power]] > 0, Tabella01MarzoInverter[[#This Row],[TX1 - Average Power]:[TX1 - Average Power]] * 0.25, ($H19 / 1000) * S$10 * $BN$4 * 0.25 ), 0 ) + IF( $N19 < 0.875, MAX(0, MIN(($H19 / 1000) * S$10 * $BN$4, S$11 * 0.876) - (S$11 * $N19)) * 0.25, 0 )} -> 0 | T19: {=IF( AND($H19 > $BN$7, Tabella01MarzoInverter[[#This Row],[Active power TX1-INV-6]] <= 0), IF( Tabella01MarzoInverter[[#This Row],[TX1 - Average Power]:[TX1 - Average Power]] > 0, Tabella01MarzoInverter[[#This Row],[TX1 - Average Power]:[TX1 - Average Power]] * 0.25, ($H19 / 1000) * T$10 * $BN$4 * 0.25 ), 0 ) + IF( $N19 < 0.875, MAX(0, MIN(($H19 / 1000) * T$10 * $BN$4, T$11 * 0.876) - (T$11 * $N19)) * 0.25, 0 )} -> 0 | U19: {=IF( AND($H19 > $BN$7, Tabella01MarzoInverter[[#This Row],[Active power TX1-INV-7]] <= 0), IF( Tabella01MarzoInverter[[#This Row],[TX1 - Average Power]:[TX1 - Average Power]] > 0, Tabella01MarzoInverter[[#This Row],[TX1 - Average Power]:[TX1 - Average Power]] * 0.25, ($H19 / 1000) * U$10 * $BN$4 * 0.25 ), 0 ) + IF( $N19 < 0.875, MAX(0, MIN(($H19 / 1000) * U$10 * $BN$4, U$11 * 0.876) - (U$11 * $N19)) * 0.25, 0 )} -> 0 | V19: {=IF( AND($H19 > $BN$7, Tabella01MarzoInverter[[#This Row],[Active power TX1-INV-8]] <= 0), IF( Tabella01MarzoInverter[[#This Row],[TX1 - Average Power]:[TX1 - Average Power]] > 0, Tabella01MarzoInverter[[#This Row],[TX1 - Average Power]:[TX1 - Average Power]] * 0.25, ($H19 / 1000) * V$10 * $BN$4 * 0.25 ), 0 ) + IF( $N19 < 0.875, MAX(0, MIN(($H19 / 1000) * V$10 * $BN$4, V$11 * 0.876) - (V$11 * $N19)) * 0.25, 0 )} -> 0 | W19: {=IF( AND($H19 > $BN$7, Tabella01MarzoInverter[[#This Row],[Active power TX1-INV-9]] <= 0), IF( Tabella01MarzoInverter[[#This Row],[TX1 - Average Power]:[TX1 - Average Power]] > 0, Tabella01MarzoInverter[[#This Row],[TX1 - Average Power]:[TX1 - Average Power]] * 0.25, ($H19 / 1000) * W$10 * $BN$4 * 0.25 ), 0 ) + IF( $N19 < 0.875, MAX(0, MIN(($H19 / 1000) * W$10 * $BN$4, W$11 * 0.876) - (W$11 * $N19)) * 0.25, 0 )} -> 0 | X19: {=IF( AND($H19 > $BN$7, Tabella01MarzoInverter[[#This Row],[Active power TX1-INV-10]] <= 0), IF( Tabella01MarzoInverter[[#This Row],[TX1 - Average Power]:[TX1 - Average Power]] > 0, Tabella01MarzoInverter[[#This Row],[TX1 - Average Power]:[TX1 - Average Power]] * 0.25, ($H19 / 1000) * X$10 * $BN$4 * 0.25 ), 0 ) + IF( $N19 < 0.875, MAX(0, MIN(($H19 / 1000) * X$10 * $BN$4, X$11 * 0.876) - (X$11 * $N19)) * 0.25, 0 )} -> 0 | Y19: {=IF( AND($H19 > $BN$7, Tabella01MarzoInverter[[#This Row],[Active power TX1-INV-11]] <= 0), IF( Tabella01MarzoInverter[[#This Row],[TX1 - Average Power]:[TX1 - Average Power]] > 0, Tabella01MarzoInverter[[#This Row],[TX1 - Average Power]:[TX1 - Average Power]] * 0.25, ($H19 / 1000) * Y$10 * $BN$4 * 0.25 ), 0 ) + IF( $N19 < 0.875, MAX(0, MIN(($H19 / 1000) * Y$10 * $BN$4, Y$11 * 0.876) - (Y$11 * $N19)) * 0.25, 0 )} -> 0 | Z19: {=IF( AND($H19 > $BN$7, Tabella01MarzoInverter[[#This Row],[Active power TX1-INV-12]] <= 0), IF( Tabella01MarzoInverter[[#This Row],[TX1 - Average Power]:[TX1 - Average Power]] > 0, Tabella01MarzoInverter[[#This Row],[TX1 - Average Power]:[TX1 - Average Power]] * 0.25, ($H19 / 1000) * Z$10 * $BN$4 * 0.25 ), 0 ) + IF( $N19 < 0.875, MAX(0, MIN(($H19 / 1000) * Z$10 * $BN$4, Z$11 * 0.876) - (Z$11 * $N19)) * 0.25, 0 )} -> 0 | AA19: =AVERAGE(TabellaMar2026[[#This Row],[Colonna24]:[Colonna20]]) -> 0 | AB19: =MAX(TabellaMar2026[[#This Row],[Colonna24]:[Colonna20]]) -> 0 | AC19: =MIN(TabellaMar2026[[#This Row],[Colonna24]:[Colonna20]]) -> 0 | AD19: =SUM(TabellaMar2026[[#This Row],[Colonna24]:[Colonna20]]) -> 0 | AE19: =IF( AND($H19 > $BN$7, Tabella01MarzoInverter[[#This Row],[Active power TX2-INV-1]] <= 0, Tabella01MarzoInverter[[#This Row],[TX2 - Average Power]] <= 0), MIN(($H19 / 1000) * AE$10 * $BN$4, AE$11 * 0.876) * 0.25, IF( AND($H19 > $BN$7, Tabella01MarzoInverter[[#This Row],[Active power TX2-INV-1]] <= 0), Tabella01MarzoInverter[[#This Row],[TX2 - Average Power]] * 0.25, 0 ) + IF( $N19 < 0.875, MAX(0, MIN(($H19 / 1000) * AE$10 * $BN$4, AE$11 * 0.876) - (AE$11 * $N19)) * 0.25, 0 ) ) -> 0 | AF19: =IF( AND($H19 > $BN$7, Tabella01MarzoInverter[[#This Row],[Active power TX2-INV-2]] <= 0, Tabella01MarzoInverter[[#This Row],[TX2 - Max Power]] <= 0), MIN(($H19 / 1000) * AF$10 * $BN$4, AF$11 * 0.876) * 0.25, IF( AND($H19 > $BN$7, Tabella01MarzoInverter[[#This Row],[Active power TX2-INV-2]] <= 0), Tabella01MarzoInverter[[#This Row],[TX2 - Max Power]] * 0.25, 0 ) + IF( $N19 < 0.875, MAX(0, MIN(($H19 / 1000) * AF$10 * $BN$4, AF$11 * 0.876) - (AF$11 * $N19)) * 0.25, 0 ) ) -> 0 | AG19: =IF( AND($H19 > $BN$7, Tabella01MarzoInverter[[#This Row],[Active power TX2-INV-3]] <= 0, Tabella01MarzoInverter[[#This Row],[TX2 - Min Power]] <= 0), MIN(($H19 / 1000) * AG$10 * $BN$4, AG$11 * 0.876) * 0.25, IF( AND($H19 > $BN$7, Tabella01MarzoInverter[[#This Row],[Active power TX2-INV-3]] <= 0), Tabella01MarzoInverter[[#This Row],[TX2 - Min Power]] * 0.25, 0 ) + IF( $N19 < 0.875, MAX(0, MIN(($H19 / 1000) * AG$10 * $BN$4, AG$11 * 0.876) - (AG$11 * $N19)) * 0.25, 0 ) ) -> 0 | AH19: =IF( AND($H19 > $BN$7, Tabella01MarzoInverter[[#This Row],[Active power TX2-INV-4]] <= 0, Tabella01MarzoInverter[[#This Row],[Active power TX3-INV-1]] <= 0), MIN(($H19 / 1000) * AH$10 * $BN$4, AH$11 * 0.876) * 0.25, IF( AND($H19 > $BN$7, Tabella01MarzoInverter[[#This Row],[Active power TX2-INV-4]] <= 0), Tabella01MarzoInverter[[#This Row],[Active power TX3-INV-1]] * 0.25, 0 ) + IF( $N19 < 0.875, MAX(0, MIN(($H19 / 1000) * AH$10 * $BN$4, AH$11 * 0.876) - (AH$11 * $N19)) * 0.25, 0 ) ) -> 0 | AI19: =IF( AND($H19 > $BN$7, Tabella01MarzoInverter[[#This Row],[Active power TX2-INV-5]] <= 0, Tabella01MarzoInverter[[#This Row],[Active power TX3-INV-2]] <= 0), MIN(($H19 / 1000) * AI$10 * $BN$4, AI$11 * 0.876) * 0.25, IF( AND($H19 > $BN$7, Tabella01MarzoInverter[[#This Row],[Active power TX2-INV-5]] <= 0), Tabella01MarzoInverter[[#This Row],[Active power TX3-INV-2]] * 0.25, 0 ) + IF( $N19 < 0.875, MAX(0, MIN(($H19 / 1000) * AI$10 * $BN$4, AI$11 * 0.876) - (AI$11 * $N19)) * 0.25, 0 ) ) -> 0 | AJ19: =IF( AND($H19 > $BN$7, Tabella01MarzoInverter[[#This Row],[Active power TX2-INV-6]] <= 0, Tabella01MarzoInverter[[#This Row],[Active power TX3-INV-3]] <= 0), MIN(($H19 / 1000) * AJ$10 * $BN$4, AJ$11 * 0.876) * 0.25, IF( AND($H19 > $BN$7, Tabella01MarzoInverter[[#This Row],[Active power TX2-INV-6]] <= 0), Tabella01MarzoInverter[[#This Row],[Active power TX3-INV-3]] * 0.25, 0 ) + IF( $N19 < 0.875, MAX(0, MIN(($H19 / 1000) * AJ$10 * $BN$4, AJ$11 * 0.876) - (AJ$11 * $N19)) * 0.25, 0 ) ) -> 0 | AK19: =IF( AND($H19 > $BN$7, Tabella01MarzoInverter[[#This Row],[Active power TX2-INV-7]] <= 0, Tabella01MarzoInverter[[#This Row],[Active power TX3-INV-4]] <= 0), MIN(($H19 / 1000) * AK$10 * $BN$4, AK$11 * 0.876) * 0.25, IF( AND($H19 > $BN$7, Tabella01MarzoInverter[[#This Row],[Active power TX2-INV-7]] <= 0), Tabella01MarzoInverter[[#This Row],[Active power TX3-INV-4]] * 0.25, 0 ) + IF( $N19 < 0.875, MAX(0, MIN(($H19 / 1000) * AK$10 * $BN$4, AK$11 * 0.876) - (AK$11 * $N19)) * 0.25, 0 ) ) -> 0 | AL19: =IF( AND($H19 > $BN$7, Tabella01MarzoInverter[[#This Row],[Active power TX2-INV-8]] <= 0, Tabella01MarzoInverter[[#This Row],[Active power TX3-INV-5]] <= 0), MIN(($H19 / 1000) * AL$10 * $BN$4, AL$11 * 0.876) * 0.25, IF( AND($H19 > $BN$7, Tabella01MarzoInverter[[#This Row],[Active power TX2-INV-8]] <= 0), Tabella01MarzoInverter[[#This Row],[Active power TX3-INV-5]] * 0.25, 0 ) + IF( $N19 < 0.875, MAX(0, MIN(($H19 / 1000) * AL$10 * $BN$4, AL$11 * 0.876) - (AL$11 * $N19)) * 0.25, 0 ) ) -> 0 | AM19: =IF( AND($H19 > $BN$7, Tabella01MarzoInverter[[#This Row],[Active power TX2-INV-9]] <= 0, Tabella01MarzoInverter[[#This Row],[Active power TX3-INV-6]] <= 0), MIN(($H19 / 1000) * AM$10 * $BN$4, AM$11 * 0.876) * 0.25, IF( AND($H19 > $BN$7, Tabella01MarzoInverter[[#This Row],[Active power TX2-INV-9]] <= 0), Tabella01MarzoInverter[[#This Row],[Active power TX3-INV-6]] * 0.25, 0 ) + IF( $N19 < 0.875, MAX(0, MIN(($H19 / 1000) * AM$10 * $BN$4, AM$11 * 0.876) - (AM$11 * $N19)) * 0.25, 0 ) ) -> 0 | AN19: =IF( AND($H19 > $BN$7, Tabella01MarzoInverter[[#This Row],[Active power TX2-INV-10]] <= 0, Tabella01MarzoInverter[[#This Row],[Active power TX3-INV-7]] <= 0), MIN(($H19 / 1000) * AN$10 * $BN$4, AN$11 * 0.876) * 0.25, IF( AND($H19 > $BN$7, Tabella01MarzoInverter[[#This Row],[Active power TX2-INV-10]] <= 0), Tabella01MarzoInverter[[#This Row],[Active power TX3-INV-7]] * 0.25, 0 ) + IF( $N19 < 0.875, MAX(0, MIN(($H19 / 1000) * AN$10 * $BN$4, AN$11 * 0.876) - (AN$11 * $N19)) * 0.25, 0 ) ) -> 0 | AO19: =IF( AND($H19 > $BN$7, Tabella01MarzoInverter[[#This Row],[Active power TX2-INV-11]] <= 0, Tabella01MarzoInverter[[#This Row],[Active power TX3-INV-8]] <= 0), MIN(($H19 / 1000) * AO$10 * $BN$4, AO$11 * 0.876) * 0.25, IF( AND($H19 > $BN$7, Tabella01MarzoInverter[[#This Row],[Active power TX2-INV-11]] <= 0), Tabella01MarzoInverter[[#This Row],[Active power TX3-INV-8]] * 0.25, 0 ) + IF( $N19 < 0.875, MAX(0, MIN(($H19 / 1000) * AO$10 * $BN$4, AO$11 * 0.876) - (AO$11 * $N19)) * 0.25, 0 ) ) -> 0 | AP19: =IF( AND($H19 > $BN$7, Tabella01MarzoInverter[[#This Row],[Active power TX2-INV-12]] <= 0, Tabella01MarzoInverter[[#This Row],[Active power TX3-INV-9]] <= 0), MIN(($H19 / 1000) * AP$10 * $BN$4, AP$11 * 0.876) * 0.25, IF( AND($H19 > $BN$7, Tabella01MarzoInverter[[#This Row],[Active power TX2-INV-12]] <= 0), Tabella01MarzoInverter[[#This Row],[Active power TX3-INV-9]] * 0.25, 0 ) + IF( $N19 < 0.875, MAX(0, MIN(($H19 / 1000) * AP$10 * $BN$4, AP$11 * 0.876) - (AP$11 * $N19)) * 0.25, 0 ) ) -> 0 | AQ19: =AVERAGE(TabellaMar2026[[#This Row],[Colonna39]:[Colonna6]]) -> 0 | AR19: =MAX(TabellaMar2026[[#This Row],[Colonna39]:[Colonna6]]) -> 0 | AS19: =MIN(TabellaMar2026[[#This Row],[Colonna39]:[Colonna6]]) -> 0 | AT19: =SUM(TabellaMar2026[[#This Row],[Colonna39]:[Colonna6]]) -> 0 | AU19: {=IF( AND($H19 > $BN$7, Tabella01MarzoInverter[[#This Row],[Active power TX3-INV-1]] <= 0), IF( Tabella01MarzoInverter[[#This Row],[TX3 - Average Power]:[TX3 - Average Power]] > 0, Tabella01MarzoInverter[[#This Row],[TX3 - Average Power]:[TX3 - Average Power]] * 0.25, ($H19 / 1000) * AU$10 * $BN$4 * 0.25 ), 0 ) + IF( $N19 < 0.875, MAX(0, MIN(($H19 / 1000) * AU$10 * $BN$4, AU$11 * 0.876) - (AU$11 * $N19)) * 0.25, 0 )} -> 0 | AV19: {=IF( AND($H19 > $BN$7, Tabella01MarzoInverter[[#This Row],[Active power TX3-INV-2]] <= 0), IF( Tabella01MarzoInverter[[#This Row],[TX3 - Average Power]:[TX3 - Average Power]] > 0, Tabella01MarzoInverter[[#This Row],[TX3 - Average Power]:[TX3 - Average Power]] * 0.25, ($H19 / 1000) * AV$10 * $BN$4 * 0.25 ), 0 ) + IF( $N19 < 0.875, MAX(0, MIN(($H19 / 1000) * AV$10 * $BN$4, AV$11 * 0.876) - (AV$11 * $N19)) * 0.25, 0 )} -> 0 | AW19: {=IF( AND($H19 > $BN$7, Tabella01MarzoInverter[[#This Row],[Active power TX3-INV-3]] <= 0), IF( Tabella01MarzoInverter[[#This Row],[TX3 - Average Power]:[TX3 - Average Power]] > 0, Tabella01MarzoInverter[[#This Row],[TX3 - Average Power]:[TX3 - Average Power]] * 0.25, ($H19 / 1000) * AW$10 * $BN$4 * 0.25 ), 0 ) + IF( $N19 < 0.875, MAX(0, MIN(($H19 / 1000) * AW$10 * $BN$4, AW$11 * 0.876) - (AW$11 * $N19)) * 0.25, 0 )} -> 0 | AX19: {=IF( AND($H19 > $BN$7, Tabella01MarzoInverter[[#This Row],[Active power TX3-INV-4]] <= 0), IF( Tabella01MarzoInverter[[#This Row],[TX3 - Average Power]:[TX3 - Average Power]] > 0, Tabella01MarzoInverter[[#This Row],[TX3 - Average Power]:[TX3 - Average Power]] * 0.25, ($H19 / 1000) * AX$10 * $BN$4 * 0.25 ), 0 ) + IF( $N19 < 0.875, MAX(0, MIN(($H19 / 1000) * AX$10 * $BN$4, AX$11 * 0.876) - (AX$11 * $N19)) * 0.25, 0 )} -> 0 | AY19: {=IF( AND($H19 > $BN$7, Tabella01MarzoInverter[[#This Row],[Active power TX3-INV-5]] <= 0), IF( Tabella01MarzoInverter[[#This Row],[TX3 - Average Power]:[TX3 - Average Power]] > 0, Tabella01MarzoInverter[[#This Row],[TX3 - Average Power]:[TX3 - Average Power]] * 0.25, ($H19 / 1000) * AY$10 * $BN$4 * 0.25 ), 0 ) + IF( $N19 < 0.875, MAX(0, MIN(($H19 / 1000) * AY$10 * $BN$4, AY$11 * 0.876) - (AY$11 * $N19)) * 0.25, 0 )} -> 0 | AZ19: {=IF( AND($H19 > $BN$7, Tabella01MarzoInverter[[#This Row],[Active power TX3-INV-6]] <= 0), IF( Tabella01MarzoInverter[[#This Row],[TX3 - Average Power]:[TX3 - Average Power]] > 0, Tabella01MarzoInverter[[#This Row],[TX3 - Average Power]:[TX3 - Average Power]] * 0.25, ($H19 / 1000) * AZ$10 * $BN$4 * 0.25 ), 0 ) + IF( $N19 < 0.875, MAX(0, MIN(($H19 / 1000) * AZ$10 * $BN$4, AZ$11 * 0.876) - (AZ$11 * $N19)) * 0.25, 0 )} -> 0 | BA19: {=IF( AND($H19 > $BN$7, Tabella01MarzoInverter[[#This Row],[Active power TX3-INV-7]] <= 0), IF( Tabella01MarzoInverter[[#This Row],[TX3 - Average Power]:[TX3 - Average Power]] > 0, Tabella01MarzoInverter[[#This Row],[TX3 - Average Power]:[TX3 - Average Power]] * 0.25, ($H19 / 1000) * BA$10 * $BN$4 * 0.25 ), 0 ) + IF( $N19 < 0.875, MAX(0, MIN(($H19 / 1000) * BA$10 * $BN$4, BA$11 * 0.876) - (BA$11 * $N19)) * 0.25, 0 )} -> 0 | BB19: {=IF( AND($H19 > $BN$7, Tabella01MarzoInverter[[#This Row],[Active power TX3-INV-8]] <= 0), IF( Tabella01MarzoInverter[[#This Row],[TX3 - Average Power]:[TX3 - Average Power]] > 0, Tabella01MarzoInverter[[#This Row],[TX3 - Average Power]:[TX3 - Average Power]] * 0.25, ($H19 / 1000) * BB$10 * $BN$4 * 0.25 ), 0 ) + IF( $N19 < 0.875, MAX(0, MIN(($H19 / 1000) * BB$10 * $BN$4, BB$11 * 0.876) - (BB$11 * $N19)) * 0.25, 0 )} -> 0 | BC19: {=IF( AND($H19 > $BN$7, Tabella01MarzoInverter[[#This Row],[Active power TX3-INV-9]] <= 0), IF( Tabella01MarzoInverter[[#This Row],[TX3 - Average Power]:[TX3 - Average Power]] > 0, Tabella01MarzoInverter[[#This Row],[TX3 - Average Power]:[TX3 - Average Power]] * 0.25, ($H19 / 1000) * BC$10 * $BN$4 * 0.25 ), 0 ) + IF( $N19 < 0.875, MAX(0, MIN(($H19 / 1000) * BC$10 * $BN$4, BC$11 * 0.876) - (BC$11 * $N19)) * 0.25, 0 )} -> 0 | BD19: {=IF( AND($H19 > $BN$7, Tabella01MarzoInverter[[#This Row],[Active power TX3-INV-10]] <= 0), IF( Tabella01MarzoInverter[[#This Row],[TX3 - Average Power]:[TX3 - Average Power]] > 0, Tabella01MarzoInverter[[#This Row],[TX3 - Average Power]:[TX3 - Average Power]] * 0.25, ($H19 / 1000) * BD$10 * $BN$4 * 0.25 ), 0 ) + IF( $N19 < 0.875, MAX(0, MIN(($H19 / 1000) * BD$10 * $BN$4, BD$11 * 0.876) - (BD$11 * $N19)) * 0.25, 0 )} -> 0 | BE19: {=IF( AND($H19 > $BN$7, Tabella01MarzoInverter[[#This Row],[Active power TX3-INV-11]] <= 0), IF( Tabella01MarzoInverter[[#This Row],[TX3 - Average Power]:[TX3 - Average Power]] > 0, Tabella01MarzoInverter[[#This Row],[TX3 - Average Power]:[TX3 - Average Power]] * 0.25, ($H19 / 1000) * BE$10 * $BN$4 * 0.25 ), 0 ) + IF( $N19 < 0.875, MAX(0, MIN(($H19 / 1000) * BE$10 * $BN$4, BE$11 * 0.876) - (BE$11 * $N19)) * 0.25, 0 )} -> 0 | BF19: {=IF( AND($H19 > $BN$7, Tabella01MarzoInverter[[#This Row],[Active power TX3-INV-12]] <= 0), IF( Tabella01MarzoInverter[[#This Row],[TX3 - Average Power]:[TX3 - Average Power]] > 0, Tabella01MarzoInverter[[#This Row],[TX3 - Average Power]:[TX3 - Average Power]] * 0.25, ($H19 / 1000) * BF$10 * $BN$4 * 0.25 ), 0 ) + IF( $N19 < 0.875, MAX(0, MIN(($H19 / 1000) * BF$10 * $BN$4, BF$11 * 0.876) - (BF$11 * $N19)) * 0.25, 0 )} -> 0 | BG19: =AVERAGE(TabellaMar2026[[#This Row],[Colonna55]:[Colonna53]]) -> 0 | BH19: =MAX(TabellaMar2026[[#This Row],[Colonna55]:[Colonna53]]) -> 0 | BI19: =MIN(TabellaMar2026[[#This Row],[Colonna55]:[Colonna53]]) -> 0 | BJ19: =SUM(TabellaMar2026[[#This Row],[Colonna54]:[Colonna53]]) -> 0 | BK19: =(SUM(Tabella01MarzoInverter[[Active power TX1-INV-1]:[Active power TX3-INV-12]]) * 0.25) / (12625 * (SUM($G$15:$H$110) * 0.25 / 1000)) -> 1.0142296
A20: 46147 | B20: 01:15:00.000 | C20: 0 | D20: 0 | E20: 0 | F20: 0 | G20: =IFERROR((D20+F20)/2, 0) -> 0 | H20: =IFERROR(IF(AVERAGE(C20,E20)>$BN$7,AVERAGE(C20,E20),0), 0) -> 0 | I20: =IFERROR(IF(AND(D20=0,F20=0),0,IF(H20>$BN$6,MAX(D20,F20),G20)), 0) -> 0 | J20: =IFERROR(IF(AND(D20>0,F20>0),ABS(D20-F20)/AVERAGE(D20,F20),0), 0) -> 0 | K20: 30386.2 | L20: 30386.2 | M20: =IFERROR((L20-K20)*1000, 0) -> 0 | N20: 0.876 | O20: {=IF( AND($H20 > $BN$7, Tabella01MarzoInverter[[#This Row],[Active power TX1-INV-1]] <= 0), IF( Tabella01MarzoInverter[[#This Row],[TX1 - Average Power]:[TX1 - Average Power]] > 0, Tabella01MarzoInverter[[#This Row],[TX1 - Average Power]:[TX1 - Average Power]] * 0.25, ($H20 / 1000) * O$10 * $BN$4 * 0.25 ), 0 ) + IF( $N20 < 0.875, MAX(0, MIN(($H20 / 1000) * O$10 * $BN$4, O$11 * 0.876) - (O$11 * $N20)) * 0.25, 0 )} -> 0 | P20: {=IF( AND($H20 > $BN$7, Tabella01MarzoInverter[[#This Row],[Active power TX1-INV-2]] <= 0), IF( Tabella01MarzoInverter[[#This Row],[TX1 - Average Power]:[TX1 - Average Power]] > 0, Tabella01MarzoInverter[[#This Row],[TX1 - Average Power]:[TX1 - Average Power]] * 0.25, ($H20 / 1000) * P$10 * $BN$4 * 0.25 ), 0 ) + IF( $N20 < 0.875, MAX(0, MIN(($H20 / 1000) * P$10 * $BN$4, P$11 * 0.876) - (P$11 * $N20)) * 0.25, 0 )} -> 0 | Q20: {=IF( AND($H20 > $BN$7, Tabella01MarzoInverter[[#This Row],[Active power TX1-INV-3]] <= 0), IF( Tabella01MarzoInverter[[#This Row],[TX1 - Average Power]:[TX1 - Average Power]] > 0, Tabella01MarzoInverter[[#This Row],[TX1 - Average Power]:[TX1 - Average Power]] * 0.25, ($H20 / 1000) * Q$10 * $BN$4 * 0.25 ), 0 ) + IF( $N20 < 0.875, MAX(0, MIN(($H20 / 1000) * Q$10 * $BN$4, Q$11 * 0.876) - (Q$11 * $N20)) * 0.25, 0 )} -> 0 | R20: {=IF( AND($H20 > $BN$7, Tabella01MarzoInverter[[#This Row],[Active power TX1-INV-4]] <= 0), IF( Tabella01MarzoInverter[[#This Row],[TX1 - Average Power]:[TX1 - Average Power]] > 0, Tabella01MarzoInverter[[#This Row],[TX1 - Average Power]:[TX1 - Average Power]] * 0.25, ($H20 / 1000) * R$10 * $BN$4 * 0.25 ), 0 ) + IF( $N20 < 0.875, MAX(0, MIN(($H20 / 1000) * R$10 * $BN$4, R$11 * 0.876) - (R$11 * $N20)) * 0.25, 0 )} -> 0 | S20: {=IF( AND($H20 > $BN$7, Tabella01MarzoInverter[[#This Row],[Active power TX1-INV-5]] <= 0), IF( Tabella01MarzoInverter[[#This Row],[TX1 - Average Power]:[TX1 - Average Power]] > 0, Tabella01MarzoInverter[[#This Row],[TX1 - Average Power]:[TX1 - Average Power]] * 0.25, ($H20 / 1000) * S$10 * $BN$4 * 0.25 ), 0 ) + IF( $N20 < 0.875, MAX(0, MIN(($H20 / 1000) * S$10 * $BN$4, S$11 * 0.876) - (S$11 * $N20)) * 0.25, 0 )} -> 0 | T20: {=IF( AND($H20 > $BN$7, Tabella01MarzoInverter[[#This Row],[Active power TX1-INV-6]] <= 0), IF( Tabella01MarzoInverter[[#This Row],[TX1 - Average Power]:[TX1 - Average Power]] > 0, Tabella01MarzoInverter[[#This Row],[TX1 - Average Power]:[TX1 - Average Power]] * 0.25, ($H20 / 1000) * T$10 * $BN$4 * 0.25 ), 0 ) + IF( $N20 < 0.875, MAX(0, MIN(($H20 / 1000) * T$10 * $BN$4, T$11 * 0.876) - (T$11 * $N20)) * 0.25, 0 )} -> 0 | U20: {=IF( AND($H20 > $BN$7, Tabella01MarzoInverter[[#This Row],[Active power TX1-INV-7]] <= 0), IF( Tabella01MarzoInverter[[#This Row],[TX1 - Average Power]:[TX1 - Average Power]] > 0, Tabella01MarzoInverter[[#This Row],[TX1 - Average Power]:[TX1 - Average Power]] * 0.25, ($H20 / 1000) * U$10 * $BN$4 * 0.25 ), 0 ) + IF( $N20 < 0.875, MAX(0, MIN(($H20 / 1000) * U$10 * $BN$4, U$11 * 0.876) - (U$11 * $N20)) * 0.25, 0 )} -> 0 | V20: {=IF( AND($H20 > $BN$7, Tabella01MarzoInverter[[#This Row],[Active power TX1-INV-8]] <= 0), IF( Tabella01MarzoInverter[[#This Row],[TX1 - Average Power]:[TX1 - Average Power]] > 0, Tabella01MarzoInverter[[#This Row],[TX1 - Average Power]:[TX1 - Average Power]] * 0.25, ($H20 / 1000) * V$10 * $BN$4 * 0.25 ), 0 ) + IF( $N20 < 0.875, MAX(0, MIN(($H20 / 1000) * V$10 * $BN$4, V$11 * 0.876) - (V$11 * $N20)) * 0.25, 0 )} -> 0 | W20: {=IF( AND($H20 > $BN$7, Tabella01MarzoInverter[[#This Row],[Active power TX1-INV-9]] <= 0), IF( Tabella01MarzoInverter[[#This Row],[TX1 - Average Power]:[TX1 - Average Power]] > 0, Tabella01MarzoInverter[[#This Row],[TX1 - Average Power]:[TX1 - Average Power]] * 0.25, ($H20 / 1000) * W$10 * $BN$4 * 0.25 ), 0 ) + IF( $N20 < 0.875, MAX(0, MIN(($H20 / 1000) * W$10 * $BN$4, W$11 * 0.876) - (W$11 * $N20)) * 0.25, 0 )} -> 0 | X20: {=IF( AND($H20 > $BN$7, Tabella01MarzoInverter[[#This Row],[Active power TX1-INV-10]] <= 0), IF( Tabella01MarzoInverter[[#This Row],[TX1 - Average Power]:[TX1 - Average Power]] > 0, Tabella01MarzoInverter[[#This Row],[TX1 - Average Power]:[TX1 - Average Power]] * 0.25, ($H20 / 1000) * X$10 * $BN$4 * 0.25 ), 0 ) + IF( $N20 < 0.875, MAX(0, MIN(($H20 / 1000) * X$10 * $BN$4, X$11 * 0.876) - (X$11 * $N20)) * 0.25, 0 )} -> 0 | Y20: {=IF( AND($H20 > $BN$7, Tabella01MarzoInverter[[#This Row],[Active power TX1-INV-11]] <= 0), IF( Tabella01MarzoInverter[[#This Row],[TX1 - Average Power]:[TX1 - Average Power]] > 0, Tabella01MarzoInverter[[#This Row],[TX1 - Average Power]:[TX1 - Average Power]] * 0.25, ($H20 / 1000) * Y$10 * $BN$4 * 0.25 ), 0 ) + IF( $N20 < 0.875, MAX(0, MIN(($H20 / 1000) * Y$10 * $BN$4, Y$11 * 0.876) - (Y$11 * $N20)) * 0.25, 0 )} -> 0 | Z20: {=IF( AND($H20 > $BN$7, Tabella01MarzoInverter[[#This Row],[Active power TX1-INV-12]] <= 0), IF( Tabella01MarzoInverter[[#This Row],[TX1 - Average Power]:[TX1 - Average Power]] > 0, Tabella01MarzoInverter[[#This Row],[TX1 - Average Power]:[TX1 - Average Power]] * 0.25, ($H20 / 1000) * Z$10 * $BN$4 * 0.25 ), 0 ) + IF( $N20 < 0.875, MAX(0, MIN(($H20 / 1000) * Z$10 * $BN$4, Z$11 * 0.876) - (Z$11 * $N20)) * 0.25, 0 )} -> 0 | AA20: =AVERAGE(TabellaMar2026[[#This Row],[Colonna24]:[Colonna20]]) -> 0 | AB20: =MAX(TabellaMar2026[[#This Row],[Colonna24]:[Colonna20]]) -> 0 | AC20: =MIN(TabellaMar2026[[#This Row],[Colonna24]:[Colonna20]]) -> 0 | AD20: =SUM(TabellaMar2026[[#This Row],[Colonna24]:[Colonna20]]) -> 0 | AE20: =IF( AND($H20 > $BN$7, Tabella01MarzoInverter[[#This Row],[Active power TX2-INV-1]] <= 0, Tabella01MarzoInverter[[#This Row],[TX2 - Average Power]] <= 0), MIN(($H20 / 1000) * AE$10 * $BN$4, AE$11 * 0.876) * 0.25, IF( AND($H20 > $BN$7, Tabella01MarzoInverter[[#This Row],[Active power TX2-INV-1]] <= 0), Tabella01MarzoInverter[[#This Row],[TX2 - Average Power]] * 0.25, 0 ) + IF( $N20 < 0.875, MAX(0, MIN(($H20 / 1000) * AE$10 * $BN$4, AE$11 * 0.876) - (AE$11 * $N20)) * 0.25, 0 ) ) -> 0 | AF20: =IF( AND($H20 > $BN$7, Tabella01MarzoInverter[[#This Row],[Active power TX2-INV-2]] <= 0, Tabella01MarzoInverter[[#This Row],[TX2 - Max Power]] <= 0), MIN(($H20 / 1000) * AF$10 * $BN$4, AF$11 * 0.876) * 0.25, IF( AND($H20 > $BN$7, Tabella01MarzoInverter[[#This Row],[Active power TX2-INV-2]] <= 0), Tabella01MarzoInverter[[#This Row],[TX2 - Max Power]] * 0.25, 0 ) + IF( $N20 < 0.875, MAX(0, MIN(($H20 / 1000) * AF$10 * $BN$4, AF$11 * 0.876) - (AF$11 * $N20)) * 0.25, 0 ) ) -> 0 | AG20: =IF( AND($H20 > $BN$7, Tabella01MarzoInverter[[#This Row],[Active power TX2-INV-3]] <= 0, Tabella01MarzoInverter[[#This Row],[TX2 - Min Power]] <= 0), MIN(($H20 / 1000) * AG$10 * $BN$4, AG$11 * 0.876) * 0.25, IF( AND($H20 > $BN$7, Tabella01MarzoInverter[[#This Row],[Active power TX2-INV-3]] <= 0), Tabella01MarzoInverter[[#This Row],[TX2 - Min Power]] * 0.25, 0 ) + IF( $N20 < 0.875, MAX(0, MIN(($H20 / 1000) * AG$10 * $BN$4, AG$11 * 0.876) - (AG$11 * $N20)) * 0.25, 0 ) ) -> 0 | AH20: =IF( AND($H20 > $BN$7, Tabella01MarzoInverter[[#This Row],[Active power TX2-INV-4]] <= 0, Tabella01MarzoInverter[[#This Row],[Active power TX3-INV-1]] <= 0), MIN(($H20 / 1000) * AH$10 * $BN$4, AH$11 * 0.876) * 0.25, IF( AND($H20 > $BN$7, Tabella01MarzoInverter[[#This Row],[Active power TX2-INV-4]] <= 0), Tabella01MarzoInverter[[#This Row],[Active power TX3-INV-1]] * 0.25, 0 ) + IF( $N20 < 0.875, MAX(0, MIN(($H20 / 1000) * AH$10 * $BN$4, AH$11 * 0.876) - (AH$11 * $N20)) * 0.25, 0 ) ) -> 0 | AI20: =IF( AND($H20 > $BN$7, Tabella01MarzoInverter[[#This Row],[Active power TX2-INV-5]] <= 0, Tabella01MarzoInverter[[#This Row],[Active power TX3-INV-2]] <= 0), MIN(($H20 / 1000) * AI$10 * $BN$4, AI$11 * 0.876) * 0.25, IF( AND($H20 > $BN$7, Tabella01MarzoInverter[[#This Row],[Active power TX2-INV-5]] <= 0), Tabella01MarzoInverter[[#This Row],[Active power TX3-INV-2]] * 0.25, 0 ) + IF( $N20 < 0.875, MAX(0, MIN(($H20 / 1000) * AI$10 * $BN$4, AI$11 * 0.876) - (AI$11 * $N20)) * 0.25, 0 ) ) -> 0 | AJ20: =IF( AND($H20 > $BN$7, Tabella01MarzoInverter[[#This Row],[Active power TX2-INV-6]] <= 0, Tabella01MarzoInverter[[#This Row],[Active power TX3-INV-3]] <= 0), MIN(($H20 / 1000) * AJ$10 * $BN$4, AJ$11 * 0.876) * 0.25, IF( AND($H20 > $BN$7, Tabella01MarzoInverter[[#This Row],[Active power TX2-INV-6]] <= 0), Tabella01MarzoInverter[[#This Row],[Active power TX3-INV-3]] * 0.25, 0 ) + IF( $N20 < 0.875, MAX(0, MIN(($H20 / 1000) * AJ$10 * $BN$4, AJ$11 * 0.876) - (AJ$11 * $N20)) * 0.25, 0 ) ) -> 0 | AK20: =IF( AND($H20 > $BN$7, Tabella01MarzoInverter[[#This Row],[Active power TX2-INV-7]] <= 0, Tabella01MarzoInverter[[#This Row],[Active power TX3-INV-4]] <= 0), MIN(($H20 / 1000) * AK$10 * $BN$4, AK$11 * 0.876) * 0.25, IF( AND($H20 > $BN$7, Tabella01MarzoInverter[[#This Row],[Active power TX2-INV-7]] <= 0), Tabella01MarzoInverter[[#This Row],[Active power TX3-INV-4]] * 0.25, 0 ) + IF( $N20 < 0.875, MAX(0, MIN(($H20 / 1000) * AK$10 * $BN$4, AK$11 * 0.876) - (AK$11 * $N20)) * 0.25, 0 ) ) -> 0 | AL20: =IF( AND($H20 > $BN$7, Tabella01MarzoInverter[[#This Row],[Active power TX2-INV-8]] <= 0, Tabella01MarzoInverter[[#This Row],[Active power TX3-INV-5]] <= 0), MIN(($H20 / 1000) * AL$10 * $BN$4, AL$11 * 0.876) * 0.25, IF( AND($H20 > $BN$7, Tabella01MarzoInverter[[#This Row],[Active power TX2-INV-8]] <= 0), Tabella01MarzoInverter[[#This Row],[Active power TX3-INV-5]] * 0.25, 0 ) + IF( $N20 < 0.875, MAX(0, MIN(($H20 / 1000) * AL$10 * $BN$4, AL$11 * 0.876) - (AL$11 * $N20)) * 0.25, 0 ) ) -> 0 | AM20: =IF( AND($H20 > $BN$7, Tabella01MarzoInverter[[#This Row],[Active power TX2-INV-9]] <= 0, Tabella01MarzoInverter[[#This Row],[Active power TX3-INV-6]] <= 0), MIN(($H20 / 1000) * AM$10 * $BN$4, AM$11 * 0.876) * 0.25, IF( AND($H20 > $BN$7, Tabella01MarzoInverter[[#This Row],[Active power TX2-INV-9]] <= 0), Tabella01MarzoInverter[[#This Row],[Active power TX3-INV-6]] * 0.25, 0 ) + IF( $N20 < 0.875, MAX(0, MIN(($H20 / 1000) * AM$10 * $BN$4, AM$11 * 0.876) - (AM$11 * $N20)) * 0.25, 0 ) ) -> 0 | AN20: =IF( AND($H20 > $BN$7, Tabella01MarzoInverter[[#This Row],[Active power TX2-INV-10]] <= 0, Tabella01MarzoInverter[[#This Row],[Active power TX3-INV-7]] <= 0), MIN(($H20 / 1000) * AN$10 * $BN$4, AN$11 * 0.876) * 0.25, IF( AND($H20 > $BN$7, Tabella01MarzoInverter[[#This Row],[Active power TX2-INV-10]] <= 0), Tabella01MarzoInverter[[#This Row],[Active power TX3-INV-7]] * 0.25, 0 ) + IF( $N20 < 0.875, MAX(0, MIN(($H20 / 1000) * AN$10 * $BN$4, AN$11 * 0.876) - (AN$11 * $N20)) * 0.25, 0 ) ) -> 0 | AO20: =IF( AND($H20 > $BN$7, Tabella01MarzoInverter[[#This Row],[Active power TX2-INV-11]] <= 0, Tabella01MarzoInverter[[#This Row],[Active power TX3-INV-8]] <= 0), MIN(($H20 / 1000) * AO$10 * $BN$4, AO$11 * 0.876) * 0.25, IF( AND($H20 > $BN$7, Tabella01MarzoInverter[[#This Row],[Active power TX2-INV-11]] <= 0), Tabella01MarzoInverter[[#This Row],[Active power TX3-INV-8]] * 0.25, 0 ) + IF( $N20 < 0.875, MAX(0, MIN(($H20 / 1000) * AO$10 * $BN$4, AO$11 * 0.876) - (AO$11 * $N20)) * 0.25, 0 ) ) -> 0 | AP20: =IF( AND($H20 > $BN$7, Tabella01MarzoInverter[[#This Row],[Active power TX2-INV-12]] <= 0, Tabella01MarzoInverter[[#This Row],[Active power TX3-INV-9]] <= 0), MIN(($H20 / 1000) * AP$10 * $BN$4, AP$11 * 0.876) * 0.25, IF( AND($H20 > $BN$7, Tabella01MarzoInverter[[#This Row],[Active power TX2-INV-12]] <= 0), Tabella01MarzoInverter[[#This Row],[Active power TX3-INV-9]] * 0.25, 0 ) + IF( $N20 < 0.875, MAX(0, MIN(($H20 / 1000) * AP$10 * $BN$4, AP$11 * 0.876) - (AP$11 * $N20)) * 0.25, 0 ) ) -> 0 | AQ20: =AVERAGE(TabellaMar2026[[#This Row],[Colonna39]:[Colonna6]]) -> 0 | AR20: =MAX(TabellaMar2026[[#This Row],[Colonna39]:[Colonna6]]) -> 0 | AS20: =MIN(TabellaMar2026[[#This Row],[Colonna39]:[Colonna6]]) -> 0 | AT20: =SUM(TabellaMar2026[[#This Row],[Colonna39]:[Colonna6]]) -> 0 | AU20: {=IF( AND($H20 > $BN$7, Tabella01MarzoInverter[[#This Row],[Active power TX3-INV-1]] <= 0), IF( Tabella01MarzoInverter[[#This Row],[TX3 - Average Power]:[TX3 - Average Power]] > 0, Tabella01MarzoInverter[[#This Row],[TX3 - Average Power]:[TX3 - Average Power]] * 0.25, ($H20 / 1000) * AU$10 * $BN$4 * 0.25 ), 0 ) + IF( $N20 < 0.875, MAX(0, MIN(($H20 / 1000) * AU$10 * $BN$4, AU$11 * 0.876) - (AU$11 * $N20)) * 0.25, 0 )} -> 0 | AV20: {=IF( AND($H20 > $BN$7, Tabella01MarzoInverter[[#This Row],[Active power TX3-INV-2]] <= 0), IF( Tabella01MarzoInverter[[#This Row],[TX3 - Average Power]:[TX3 - Average Power]] > 0, Tabella01MarzoInverter[[#This Row],[TX3 - Average Power]:[TX3 - Average Power]] * 0.25, ($H20 / 1000) * AV$10 * $BN$4 * 0.25 ), 0 ) + IF( $N20 < 0.875, MAX(0, MIN(($H20 / 1000) * AV$10 * $BN$4, AV$11 * 0.876) - (AV$11 * $N20)) * 0.25, 0 )} -> 0 | AW20: {=IF( AND($H20 > $BN$7, Tabella01MarzoInverter[[#This Row],[Active power TX3-INV-3]] <= 0), IF( Tabella01MarzoInverter[[#This Row],[TX3 - Average Power]:[TX3 - Average Power]] > 0, Tabella01MarzoInverter[[#This Row],[TX3 - Average Power]:[TX3 - Average Power]] * 0.25, ($H20 / 1000) * AW$10 * $BN$4 * 0.25 ), 0 ) + IF( $N20 < 0.875, MAX(0, MIN(($H20 / 1000) * AW$10 * $BN$4, AW$11 * 0.876) - (AW$11 * $N20)) * 0.25, 0 )} -> 0 | AX20: {=IF( AND($H20 > $BN$7, Tabella01MarzoInverter[[#This Row],[Active power TX3-INV-4]] <= 0), IF( Tabella01MarzoInverter[[#This Row],[TX3 - Average Power]:[TX3 - Average Power]] > 0, Tabella01MarzoInverter[[#This Row],[TX3 - Average Power]:[TX3 - Average Power]] * 0.25, ($H20 / 1000) * AX$10 * $BN$4 * 0.25 ), 0 ) + IF( $N20 < 0.875, MAX(0, MIN(($H20 / 1000) * AX$10 * $BN$4, AX$11 * 0.876) - (AX$11 * $N20)) * 0.25, 0 )} -> 0 | AY20: {=IF( AND($H20 > $BN$7, Tabella01MarzoInverter[[#This Row],[Active power TX3-INV-5]] <= 0), IF( Tabella01MarzoInverter[[#This Row],[TX3 - Average Power]:[TX3 - Average Power]] > 0, Tabella01MarzoInverter[[#This Row],[TX3 - Average Power]:[TX3 - Average Power]] * 0.25, ($H20 / 1000) * AY$10 * $BN$4 * 0.25 ), 0 ) + IF( $N20 < 0.875, MAX(0, MIN(($H20 / 1000) * AY$10 * $BN$4, AY$11 * 0.876) - (AY$11 * $N20)) * 0.25, 0 )} -> 0 | AZ20: {=IF( AND($H20 > $BN$7, Tabella01MarzoInverter[[#This Row],[Active power TX3-INV-6]] <= 0), IF( Tabella01MarzoInverter[[#This Row],[TX3 - Average Power]:[TX3 - Average Power]] > 0, Tabella01MarzoInverter[[#This Row],[TX3 - Average Power]:[TX3 - Average Power]] * 0.25, ($H20 / 1000) * AZ$10 * $BN$4 * 0.25 ), 0 ) + IF( $N20 < 0.875, MAX(0, MIN(($H20 / 1000) * AZ$10 * $BN$4, AZ$11 * 0.876) - (AZ$11 * $N20)) * 0.25, 0 )} -> 0 | BA20: {=IF( AND($H20 > $BN$7, Tabella01MarzoInverter[[#This Row],[Active power TX3-INV-7]] <= 0), IF( Tabella01MarzoInverter[[#This Row],[TX3 - Average Power]:[TX3 - Average Power]] > 0, Tabella01MarzoInverter[[#This Row],[TX3 - Average Power]:[TX3 - Average Power]] * 0.25, ($H20 / 1000) * BA$10 * $BN$4 * 0.25 ), 0 ) + IF( $N20 < 0.875, MAX(0, MIN(($H20 / 1000) * BA$10 * $BN$4, BA$11 * 0.876) - (BA$11 * $N20)) * 0.25, 0 )} -> 0 | BB20: {=IF( AND($H20 > $BN$7, Tabella01MarzoInverter[[#This Row],[Active power TX3-INV-8]] <= 0), IF( Tabella01MarzoInverter[[#This Row],[TX3 - Average Power]:[TX3 - Average Power]] > 0, Tabella01MarzoInverter[[#This Row],[TX3 - Average Power]:[TX3 - Average Power]] * 0.25, ($H20 / 1000) * BB$10 * $BN$4 * 0.25 ), 0 ) + IF( $N20 < 0.875, MAX(0, MIN(($H20 / 1000) * BB$10 * $BN$4, BB$11 * 0.876) - (BB$11 * $N20)) * 0.25, 0 )} -> 0 | BC20: {=IF( AND($H20 > $BN$7, Tabella01MarzoInverter[[#This Row],[Active power TX3-INV-9]] <= 0), IF( Tabella01MarzoInverter[[#This Row],[TX3 - Average Power]:[TX3 - Average Power]] > 0, Tabella01MarzoInverter[[#This Row],[TX3 - Average Power]:[TX3 - Average Power]] * 0.25, ($H20 / 1000) * BC$10 * $BN$4 * 0.25 ), 0 ) + IF( $N20 < 0.875, MAX(0, MIN(($H20 / 1000) * BC$10 * $BN$4, BC$11 * 0.876) - (BC$11 * $N20)) * 0.25, 0 )} -> 0 | BD20: {=IF( AND($H20 > $BN$7, Tabella01MarzoInverter[[#This Row],[Active power TX3-INV-10]] <= 0), IF( Tabella01MarzoInverter[[#This Row],[TX3 - Average Power]:[TX3 - Average Power]] > 0, Tabella01MarzoInverter[[#This Row],[TX3 - Average Power]:[TX3 - Average Power]] * 0.25, ($H20 / 1000) * BD$10 * $BN$4 * 0.25 ), 0 ) + IF( $N20 < 0.875, MAX(0, MIN(($H20 / 1000) * BD$10 * $BN$4, BD$11 * 0.876) - (BD$11 * $N20)) * 0.25, 0 )} -> 0 | BE20: {=IF( AND($H20 > $BN$7, Tabella01MarzoInverter[[#This Row],[Active power TX3-INV-11]] <= 0), IF( Tabella01MarzoInverter[[#This Row],[TX3 - Average Power]:[TX3 - Average Power]] > 0, Tabella01MarzoInverter[[#This Row],[TX3 - Average Power]:[TX3 - Average Power]] * 0.25, ($H20 / 1000) * BE$10 * $BN$4 * 0.25 ), 0 ) + IF( $N20 < 0.875, MAX(0, MIN(($H20 / 1000) * BE$10 * $BN$4, BE$11 * 0.876) - (BE$11 * $N20)) * 0.25, 0 )} -> 0 | BF20: {=IF( AND($H20 > $BN$7, Tabella01MarzoInverter[[#This Row],[Active power TX3-INV-12]] <= 0), IF( Tabella01MarzoInverter[[#This Row],[TX3 - Average Power]:[TX3 - Average Power]] > 0, Tabella01MarzoInverter[[#This Row],[TX3 - Average Power]:[TX3 - Average Power]] * 0.25, ($H20 / 1000) * BF$10 * $BN$4 * 0.25 ), 0 ) + IF( $N20 < 0.875, MAX(0, MIN(($H20 / 1000) * BF$10 * $BN$4, BF$11 * 0.876) - (BF$11 * $N20)) * 0.25, 0 )} -> 0 | BG20: =AVERAGE(TabellaMar2026[[#This Row],[Colonna55]:[Colonna53]]) -> 0 | BH20: =MAX(TabellaMar2026[[#This Row],[Colonna55]:[Colonna53]]) -> 0 | BI20: =MIN(TabellaMar2026[[#This Row],[Colonna55]:[Colonna53]]) -> 0 | BJ20: =SUM(TabellaMar2026[[#This Row],[Colonna54]:[Colonna53]]) -> 0 | BK20: =(SUM(Tabella01MarzoInverter[[Active power TX1-INV-1]:[Active power TX3-INV-12]]) * 0.25) / (12625 * (SUM($G$15:$H$110) * 0.25 / 1000)) -> 1.0142296
A21: 46147 | B21: 01:30:00.000 | C21: 0 | D21: 0 | E21: 0 | F21: 0 | G21: =IFERROR((D21+F21)/2, 0) -> 0 | H21: =IFERROR(IF(AVERAGE(C21,E21)>$BN$7,AVERAGE(C21,E21),0), 0) -> 0 | I21: =IFERROR(IF(AND(D21=0,F21=0),0,IF(H21>$BN$6,MAX(D21,F21),G21)), 0) -> 0 | J21: =IFERROR(IF(AND(D21>0,F21>0),ABS(D21-F21)/AVERAGE(D21,F21),0), 0) -> 0 | K21: 30386.2 | L21: 30386.2 | M21: =IFERROR((L21-K21)*1000, 0) -> 0 | N21: 0.876 | O21: {=IF( AND($H21 > $BN$7, Tabella01MarzoInverter[[#This Row],[Active power TX1-INV-1]] <= 0), IF( Tabella01MarzoInverter[[#This Row],[TX1 - Average Power]:[TX1 - Average Power]] > 0, Tabella01MarzoInverter[[#This Row],[TX1 - Average Power]:[TX1 - Average Power]] * 0.25, ($H21 / 1000) * O$10 * $BN$4 * 0.25 ), 0 ) + IF( $N21 < 0.875, MAX(0, MIN(($H21 / 1000) * O$10 * $BN$4, O$11 * 0.876) - (O$11 * $N21)) * 0.25, 0 )} -> 0 | P21: {=IF( AND($H21 > $BN$7, Tabella01MarzoInverter[[#This Row],[Active power TX1-INV-2]] <= 0), IF( Tabella01MarzoInverter[[#This Row],[TX1 - Average Power]:[TX1 - Average Power]] > 0, Tabella01MarzoInverter[[#This Row],[TX1 - Average Power]:[TX1 - Average Power]] * 0.25, ($H21 / 1000) * P$10 * $BN$4 * 0.25 ), 0 ) + IF( $N21 < 0.875, MAX(0, MIN(($H21 / 1000) * P$10 * $BN$4, P$11 * 0.876) - (P$11 * $N21)) * 0.25, 0 )} -> 0 | Q21: {=IF( AND($H21 > $BN$7, Tabella01MarzoInverter[[#This Row],[Active power TX1-INV-3]] <= 0), IF( Tabella01MarzoInverter[[#This Row],[TX1 - Average Power]:[TX1 - Average Power]] > 0, Tabella01MarzoInverter[[#This Row],[TX1 - Average Power]:[TX1 - Average Power]] * 0.25, ($H21 / 1000) * Q$10 * $BN$4 * 0.25 ), 0 ) + IF( $N21 < 0.875, MAX(0, MIN(($H21 / 1000) * Q$10 * $BN$4, Q$11 * 0.876) - (Q$11 * $N21)) * 0.25, 0 )} -> 0 | R21: {=IF( AND($H21 > $BN$7, Tabella01MarzoInverter[[#This Row],[Active power TX1-INV-4]] <= 0), IF( Tabella01MarzoInverter[[#This Row],[TX1 - Average Power]:[TX1 - Average Power]] > 0, Tabella01MarzoInverter[[#This Row],[TX1 - Average Power]:[TX1 - Average Power]] * 0.25, ($H21 / 1000) * R$10 * $BN$4 * 0.25 ), 0 ) + IF( $N21 < 0.875, MAX(0, MIN(($H21 / 1000) * R$10 * $BN$4, R$11 * 0.876) - (R$11 * $N21)) * 0.25, 0 )} -> 0 | S21: {=IF( AND($H21 > $BN$7, Tabella01MarzoInverter[[#This Row],[Active power TX1-INV-5]] <= 0), IF( Tabella01MarzoInverter[[#This Row],[TX1 - Average Power]:[TX1 - Average Power]] > 0, Tabella01MarzoInverter[[#This Row],[TX1 - Average Power]:[TX1 - Average Power]] * 0.25, ($H21 / 1000) * S$10 * $BN$4 * 0.25 ), 0 ) + IF( $N21 < 0.875, MAX(0, MIN(($H21 / 1000) * S$10 * $BN$4, S$11 * 0.876) - (S$11 * $N21)) * 0.25, 0 )} -> 0 | T21: {=IF( AND($H21 > $BN$7, Tabella01MarzoInverter[[#This Row],[Active power TX1-INV-6]] <= 0), IF( Tabella01MarzoInverter[[#This Row],[TX1 - Average Power]:[TX1 - Average Power]] > 0, Tabella01MarzoInverter[[#This Row],[TX1 - Average Power]:[TX1 - Average Power]] * 0.25, ($H21 / 1000) * T$10 * $BN$4 * 0.25 ), 0 ) + IF( $N21 < 0.875, MAX(0, MIN(($H21 / 1000) * T$10 * $BN$4, T$11 * 0.876) - (T$11 * $N21)) * 0.25, 0 )} -> 0 | U21: {=IF( AND($H21 > $BN$7, Tabella01MarzoInverter[[#This Row],[Active power TX1-INV-7]] <= 0), IF( Tabella01MarzoInverter[[#This Row],[TX1 - Average Power]:[TX1 - Average Power]] > 0, Tabella01MarzoInverter[[#This Row],[TX1 - Average Power]:[TX1 - Average Power]] * 0.25, ($H21 / 1000) * U$10 * $BN$4 * 0.25 ), 0 ) + IF( $N21 < 0.875, MAX(0, MIN(($H21 / 1000) * U$10 * $BN$4, U$11 * 0.876) - (U$11 * $N21)) * 0.25, 0 )} -> 0 | V21: {=IF( AND($H21 > $BN$7, Tabella01MarzoInverter[[#This Row],[Active power TX1-INV-8]] <= 0), IF( Tabella01MarzoInverter[[#This Row],[TX1 - Average Power]:[TX1 - Average Power]] > 0, Tabella01MarzoInverter[[#This Row],[TX1 - Average Power]:[TX1 - Average Power]] * 0.25, ($H21 / 1000) * V$10 * $BN$4 * 0.25 ), 0 ) + IF( $N21 < 0.875, MAX(0, MIN(($H21 / 1000) * V$10 * $BN$4, V$11 * 0.876) - (V$11 * $N21)) * 0.25, 0 )} -> 0 | W21: {=IF( AND($H21 > $BN$7, Tabella01MarzoInverter[[#This Row],[Active power TX1-INV-9]] <= 0), IF( Tabella01MarzoInverter[[#This Row],[TX1 - Average Power]:[TX1 - Average Power]] > 0, Tabella01MarzoInverter[[#This Row],[TX1 - Average Power]:[TX1 - Average Power]] * 0.25, ($H21 / 1000) * W$10 * $BN$4 * 0.25 ), 0 ) + IF( $N21 < 0.875, MAX(0, MIN(($H21 / 1000) * W$10 * $BN$4, W$11 * 0.876) - (W$11 * $N21)) * 0.25, 0 )} -> 0 | X21: {=IF( AND($H21 > $BN$7, Tabella01MarzoInverter[[#This Row],[Active power TX1-INV-10]] <= 0), IF( Tabella01MarzoInverter[[#This Row],[TX1 - Average Power]:[TX1 - Average Power]] > 0, Tabella01MarzoInverter[[#This Row],[TX1 - Average Power]:[TX1 - Average Power]] * 0.25, ($H21 / 1000) * X$10 * $BN$4 * 0.25 ), 0 ) + IF( $N21 < 0.875, MAX(0, MIN(($H21 / 1000) * X$10 * $BN$4, X$11 * 0.876) - (X$11 * $N21)) * 0.25, 0 )} -> 0 | Y21: {=IF( AND($H21 > $BN$7, Tabella01MarzoInverter[[#This Row],[Active power TX1-INV-11]] <= 0), IF( Tabella01MarzoInverter[[#This Row],[TX1 - Average Power]:[TX1 - Average Power]] > 0, Tabella01MarzoInverter[[#This Row],[TX1 - Average Power]:[TX1 - Average Power]] * 0.25, ($H21 / 1000) * Y$10 * $BN$4 * 0.25 ), 0 ) + IF( $N21 < 0.875, MAX(0, MIN(($H21 / 1000) * Y$10 * $BN$4, Y$11 * 0.876) - (Y$11 * $N21)) * 0.25, 0 )} -> 0 | Z21: {=IF( AND($H21 > $BN$7, Tabella01MarzoInverter[[#This Row],[Active power TX1-INV-12]] <= 0), IF( Tabella01MarzoInverter[[#This Row],[TX1 - Average Power]:[TX1 - Average Power]] > 0, Tabella01MarzoInverter[[#This Row],[TX1 - Average Power]:[TX1 - Average Power]] * 0.25, ($H21 / 1000) * Z$10 * $BN$4 * 0.25 ), 0 ) + IF( $N21 < 0.875, MAX(0, MIN(($H21 / 1000) * Z$10 * $BN$4, Z$11 * 0.876) - (Z$11 * $N21)) * 0.25, 0 )} -> 0 | AA21: =AVERAGE(TabellaMar2026[[#This Row],[Colonna24]:[Colonna20]]) -> 0 | AB21: =MAX(TabellaMar2026[[#This Row],[Colonna24]:[Colonna20]]) -> 0 | AC21: =MIN(TabellaMar2026[[#This Row],[Colonna24]:[Colonna20]]) -> 0 | AD21: =SUM(TabellaMar2026[[#This Row],[Colonna24]:[Colonna20]]) -> 0 | AE21: =IF( AND($H21 > $BN$7, Tabella01MarzoInverter[[#This Row],[Active power TX2-INV-1]] <= 0, Tabella01MarzoInverter[[#This Row],[TX2 - Average Power]] <= 0), MIN(($H21 / 1000) * AE$10 * $BN$4, AE$11 * 0.876) * 0.25, IF( AND($H21 > $BN$7, Tabella01MarzoInverter[[#This Row],[Active power TX2-INV-1]] <= 0), Tabella01MarzoInverter[[#This Row],[TX2 - Average Power]] * 0.25, 0 ) + IF( $N21 < 0.875, MAX(0, MIN(($H21 / 1000) * AE$10 * $BN$4, AE$11 * 0.876) - (AE$11 * $N21)) * 0.25, 0 ) ) -> 0 | AF21: =IF( AND($H21 > $BN$7, Tabella01MarzoInverter[[#This Row],[Active power TX2-INV-2]] <= 0, Tabella01MarzoInverter[[#This Row],[TX2 - Max Power]] <= 0), MIN(($H21 / 1000) * AF$10 * $BN$4, AF$11 * 0.876) * 0.25, IF( AND($H21 > $BN$7, Tabella01MarzoInverter[[#This Row],[Active power TX2-INV-2]] <= 0), Tabella01MarzoInverter[[#This Row],[TX2 - Max Power]] * 0.25, 0 ) + IF( $N21 < 0.875, MAX(0, MIN(($H21 / 1000) * AF$10 * $BN$4, AF$11 * 0.876) - (AF$11 * $N21)) * 0.25, 0 ) ) -> 0 | AG21: =IF( AND($H21 > $BN$7, Tabella01MarzoInverter[[#This Row],[Active power TX2-INV-3]] <= 0, Tabella01MarzoInverter[[#This Row],[TX2 - Min Power]] <= 0), MIN(($H21 / 1000) * AG$10 * $BN$4, AG$11 * 0.876) * 0.25, IF( AND($H21 > $BN$7, Tabella01MarzoInverter[[#This Row],[Active power TX2-INV-3]] <= 0), Tabella01MarzoInverter[[#This Row],[TX2 - Min Power]] * 0.25, 0 ) + IF( $N21 < 0.875, MAX(0, MIN(($H21 / 1000) * AG$10 * $BN$4, AG$11 * 0.876) - (AG$11 * $N21)) * 0.25, 0 ) ) -> 0 | AH21: =IF( AND($H21 > $BN$7, Tabella01MarzoInverter[[#This Row],[Active power TX2-INV-4]] <= 0, Tabella01MarzoInverter[[#This Row],[Active power TX3-INV-1]] <= 0), MIN(($H21 / 1000) * AH$10 * $BN$4, AH$11 * 0.876) * 0.25, IF( AND($H21 > $BN$7, Tabella01MarzoInverter[[#This Row],[Active power TX2-INV-4]] <= 0), Tabella01MarzoInverter[[#This Row],[Active power TX3-INV-1]] * 0.25, 0 ) + IF( $N21 < 0.875, MAX(0, MIN(($H21 / 1000) * AH$10 * $BN$4, AH$11 * 0.876) - (AH$11 * $N21)) * 0.25, 0 ) ) -> 0 | AI21: =IF( AND($H21 > $BN$7, Tabella01MarzoInverter[[#This Row],[Active power TX2-INV-5]] <= 0, Tabella01MarzoInverter[[#This Row],[Active power TX3-INV-2]] <= 0), MIN(($H21 / 1000) * AI$10 * $BN$4, AI$11 * 0.876) * 0.25, IF( AND($H21 > $BN$7, Tabella01MarzoInverter[[#This Row],[Active power TX2-INV-5]] <= 0), Tabella01MarzoInverter[[#This Row],[Active power TX3-INV-2]] * 0.25, 0 ) + IF( $N21 < 0.875, MAX(0, MIN(($H21 / 1000) * AI$10 * $BN$4, AI$11 * 0.876) - (AI$11 * $N21)) * 0.25, 0 ) ) -> 0 | AJ21: =IF( AND($H21 > $BN$7, Tabella01MarzoInverter[[#This Row],[Active power TX2-INV-6]] <= 0, Tabella01MarzoInverter[[#This Row],[Active power TX3-INV-3]] <= 0), MIN(($H21 / 1000) * AJ$10 * $BN$4, AJ$11 * 0.876) * 0.25, IF( AND($H21 > $BN$7, Tabella01MarzoInverter[[#This Row],[Active power TX2-INV-6]] <= 0), Tabella01MarzoInverter[[#This Row],[Active power TX3-INV-3]] * 0.25, 0 ) + IF( $N21 < 0.875, MAX(0, MIN(($H21 / 1000) * AJ$10 * $BN$4, AJ$11 * 0.876) - (AJ$11 * $N21)) * 0.25, 0 ) ) -> 0 | AK21: =IF( AND($H21 > $BN$7, Tabella01MarzoInverter[[#This Row],[Active power TX2-INV-7]] <= 0, Tabella01MarzoInverter[[#This Row],[Active power TX3-INV-4]] <= 0), MIN(($H21 / 1000) * AK$10 * $BN$4, AK$11 * 0.876) * 0.25, IF( AND($H21 > $BN$7, Tabella01MarzoInverter[[#This Row],[Active power TX2-INV-7]] <= 0), Tabella01MarzoInverter[[#This Row],[Active power TX3-INV-4]] * 0.25, 0 ) + IF( $N21 < 0.875, MAX(0, MIN(($H21 / 1000) * AK$10 * $BN$4, AK$11 * 0.876) - (AK$11 * $N21)) * 0.25, 0 ) ) -> 0 | AL21: =IF( AND($H21 > $BN$7, Tabella01MarzoInverter[[#This Row],[Active power TX2-INV-8]] <= 0, Tabella01MarzoInverter[[#This Row],[Active power TX3-INV-5]] <= 0), MIN(($H21 / 1000) * AL$10 * $BN$4, AL$11 * 0.876) * 0.25, IF( AND($H21 > $BN$7, Tabella01MarzoInverter[[#This Row],[Active power TX2-INV-8]] <= 0), Tabella01MarzoInverter[[#This Row],[Active power TX3-INV-5]] * 0.25, 0 ) + IF( $N21 < 0.875, MAX(0, MIN(($H21 / 1000) * AL$10 * $BN$4, AL$11 * 0.876) - (AL$11 * $N21)) * 0.25, 0 ) ) -> 0 | AM21: =IF( AND($H21 > $BN$7, Tabella01MarzoInverter[[#This Row],[Active power TX2-INV-9]] <= 0, Tabella01MarzoInverter[[#This Row],[Active power TX3-INV-6]] <= 0), MIN(($H21 / 1000) * AM$10 * $BN$4, AM$11 * 0.876) * 0.25, IF( AND($H21 > $BN$7, Tabella01MarzoInverter[[#This Row],[Active power TX2-INV-9]] <= 0), Tabella01MarzoInverter[[#This Row],[Active power TX3-INV-6]] * 0.25, 0 ) + IF( $N21 < 0.875, MAX(0, MIN(($H21 / 1000) * AM$10 * $BN$4, AM$11 * 0.876) - (AM$11 * $N21)) * 0.25, 0 ) ) -> 0 | AN21: =IF( AND($H21 > $BN$7, Tabella01MarzoInverter[[#This Row],[Active power TX2-INV-10]] <= 0, Tabella01MarzoInverter[[#This Row],[Active power TX3-INV-7]] <= 0), MIN(($H21 / 1000) * AN$10 * $BN$4, AN$11 * 0.876) * 0.25, IF( AND($H21 > $BN$7, Tabella01MarzoInverter[[#This Row],[Active power TX2-INV-10]] <= 0), Tabella01MarzoInverter[[#This Row],[Active power TX3-INV-7]] * 0.25, 0 ) + IF( $N21 < 0.875, MAX(0, MIN(($H21 / 1000) * AN$10 * $BN$4, AN$11 * 0.876) - (AN$11 * $N21)) * 0.25, 0 ) ) -> 0 | AO21: =IF( AND($H21 > $BN$7, Tabella01MarzoInverter[[#This Row],[Active power TX2-INV-11]] <= 0, Tabella01MarzoInverter[[#This Row],[Active power TX3-INV-8]] <= 0), MIN(($H21 / 1000) * AO$10 * $BN$4, AO$11 * 0.876) * 0.25, IF( AND($H21 > $BN$7, Tabella01MarzoInverter[[#This Row],[Active power TX2-INV-11]] <= 0), Tabella01MarzoInverter[[#This Row],[Active power TX3-INV-8]] * 0.25, 0 ) + IF( $N21 < 0.875, MAX(0, MIN(($H21 / 1000) * AO$10 * $BN$4, AO$11 * 0.876) - (AO$11 * $N21)) * 0.25, 0 ) ) -> 0 | AP21: =IF( AND($H21 > $BN$7, Tabella01MarzoInverter[[#This Row],[Active power TX2-INV-12]] <= 0, Tabella01MarzoInverter[[#This Row],[Active power TX3-INV-9]] <= 0), MIN(($H21 / 1000) * AP$10 * $BN$4, AP$11 * 0.876) * 0.25, IF( AND($H21 > $BN$7, Tabella01MarzoInverter[[#This Row],[Active power TX2-INV-12]] <= 0), Tabella01MarzoInverter[[#This Row],[Active power TX3-INV-9]] * 0.25, 0 ) + IF( $N21 < 0.875, MAX(0, MIN(($H21 / 1000) * AP$10 * $BN$4, AP$11 * 0.876) - (AP$11 * $N21)) * 0.25, 0 ) ) -> 0 | AQ21: =AVERAGE(TabellaMar2026[[#This Row],[Colonna39]:[Colonna6]]) -> 0 | AR21: =MAX(TabellaMar2026[[#This Row],[Colonna39]:[Colonna6]]) -> 0 | AS21: =MIN(TabellaMar2026[[#This Row],[Colonna39]:[Colonna6]]) -> 0 | AT21: =SUM(TabellaMar2026[[#This Row],[Colonna39]:[Colonna6]]) -> 0 | AU21: {=IF( AND($H21 > $BN$7, Tabella01MarzoInverter[[#This Row],[Active power TX3-INV-1]] <= 0), IF( Tabella01MarzoInverter[[#This Row],[TX3 - Average Power]:[TX3 - Average Power]] > 0, Tabella01MarzoInverter[[#This Row],[TX3 - Average Power]:[TX3 - Average Power]] * 0.25, ($H21 / 1000) * AU$10 * $BN$4 * 0.25 ), 0 ) + IF( $N21 < 0.875, MAX(0, MIN(($H21 / 1000) * AU$10 * $BN$4, AU$11 * 0.876) - (AU$11 * $N21)) * 0.25, 0 )} -> 0 | AV21: {=IF( AND($H21 > $BN$7, Tabella01MarzoInverter[[#This Row],[Active power TX3-INV-2]] <= 0), IF( Tabella01MarzoInverter[[#This Row],[TX3 - Average Power]:[TX3 - Average Power]] > 0, Tabella01MarzoInverter[[#This Row],[TX3 - Average Power]:[TX3 - Average Power]] * 0.25, ($H21 / 1000) * AV$10 * $BN$4 * 0.25 ), 0 ) + IF( $N21 < 0.875, MAX(0, MIN(($H21 / 1000) * AV$10 * $BN$4, AV$11 * 0.876) - (AV$11 * $N21)) * 0.25, 0 )} -> 0 | AW21: {=IF( AND($H21 > $BN$7, Tabella01MarzoInverter[[#This Row],[Active power TX3-INV-3]] <= 0), IF( Tabella01MarzoInverter[[#This Row],[TX3 - Average Power]:[TX3 - Average Power]] > 0, Tabella01MarzoInverter[[#This Row],[TX3 - Average Power]:[TX3 - Average Power]] * 0.25, ($H21 / 1000) * AW$10 * $BN$4 * 0.25 ), 0 ) + IF( $N21 < 0.875, MAX(0, MIN(($H21 / 1000) * AW$10 * $BN$4, AW$11 * 0.876) - (AW$11 * $N21)) * 0.25, 0 )} -> 0 | AX21: {=IF( AND($H21 > $BN$7, Tabella01MarzoInverter[[#This Row],[Active power TX3-INV-4]] <= 0), IF( Tabella01MarzoInverter[[#This Row],[TX3 - Average Power]:[TX3 - Average Power]] > 0, Tabella01MarzoInverter[[#This Row],[TX3 - Average Power]:[TX3 - Average Power]] * 0.25, ($H21 / 1000) * AX$10 * $BN$4 * 0.25 ), 0 ) + IF( $N21 < 0.875, MAX(0, MIN(($H21 / 1000) * AX$10 * $BN$4, AX$11 * 0.876) - (AX$11 * $N21)) * 0.25, 0 )} -> 0 | AY21: {=IF( AND($H21 > $BN$7, Tabella01MarzoInverter[[#This Row],[Active power TX3-INV-5]] <= 0), IF( Tabella01MarzoInverter[[#This Row],[TX3 - Average Power]:[TX3 - Average Power]] > 0, Tabella01MarzoInverter[[#This Row],[TX3 - Average Power]:[TX3 - Average Power]] * 0.25, ($H21 / 1000) * AY$10 * $BN$4 * 0.25 ), 0 ) + IF( $N21 < 0.875, MAX(0, MIN(($H21 / 1000) * AY$10 * $BN$4, AY$11 * 0.876) - (AY$11 * $N21)) * 0.25, 0 )} -> 0 | AZ21: {=IF( AND($H21 > $BN$7, Tabella01MarzoInverter[[#This Row],[Active power TX3-INV-6]] <= 0), IF( Tabella01MarzoInverter[[#This Row],[TX3 - Average Power]:[TX3 - Average Power]] > 0, Tabella01MarzoInverter[[#This Row],[TX3 - Average Power]:[TX3 - Average Power]] * 0.25, ($H21 / 1000) * AZ$10 * $BN$4 * 0.25 ), 0 ) + IF( $N21 < 0.875, MAX(0, MIN(($H21 / 1000) * AZ$10 * $BN$4, AZ$11 * 0.876) - (AZ$11 * $N21)) * 0.25, 0 )} -> 0 | BA21: {=IF( AND($H21 > $BN$7, Tabella01MarzoInverter[[#This Row],[Active power TX3-INV-7]] <= 0), IF( Tabella01MarzoInverter[[#This Row],[TX3 - Average Power]:[TX3 - Average Power]] > 0, Tabella01MarzoInverter[[#This Row],[TX3 - Average Power]:[TX3 - Average Power]] * 0.25, ($H21 / 1000) * BA$10 * $BN$4 * 0.25 ), 0 ) + IF( $N21 < 0.875, MAX(0, MIN(($H21 / 1000) * BA$10 * $BN$4, BA$11 * 0.876) - (BA$11 * $N21)) * 0.25, 0 )} -> 0 | BB21: {=IF( AND($H21 > $BN$7, Tabella01MarzoInverter[[#This Row],[Active power TX3-INV-8]] <= 0), IF( Tabella01MarzoInverter[[#This Row],[TX3 - Average Power]:[TX3 - Average Power]] > 0, Tabella01MarzoInverter[[#This Row],[TX3 - Average Power]:[TX3 - Average Power]] * 0.25, ($H21 / 1000) * BB$10 * $BN$4 * 0.25 ), 0 ) + IF( $N21 < 0.875, MAX(0, MIN(($H21 / 1000) * BB$10 * $BN$4, BB$11 * 0.876) - (BB$11 * $N21)) * 0.25, 0 )} -> 0 | BC21: {=IF( AND($H21 > $BN$7, Tabella01MarzoInverter[[#This Row],[Active power TX3-INV-9]] <= 0), IF( Tabella01MarzoInverter[[#This Row],[TX3 - Average Power]:[TX3 - Average Power]] > 0, Tabella01MarzoInverter[[#This Row],[TX3 - Average Power]:[TX3 - Average Power]] * 0.25, ($H21 / 1000) * BC$10 * $BN$4 * 0.25 ), 0 ) + IF( $N21 < 0.875, MAX(0, MIN(($H21 / 1000) * BC$10 * $BN$4, BC$11 * 0.876) - (BC$11 * $N21)) * 0.25, 0 )} -> 0 | BD21: {=IF( AND($H21 > $BN$7, Tabella01MarzoInverter[[#This Row],[Active power TX3-INV-10]] <= 0), IF( Tabella01MarzoInverter[[#This Row],[TX3 - Average Power]:[TX3 - Average Power]] > 0, Tabella01MarzoInverter[[#This Row],[TX3 - Average Power]:[TX3 - Average Power]] * 0.25, ($H21 / 1000) * BD$10 * $BN$4 * 0.25 ), 0 ) + IF( $N21 < 0.875, MAX(0, MIN(($H21 / 1000) * BD$10 * $BN$4, BD$11 * 0.876) - (BD$11 * $N21)) * 0.25, 0 )} -> 0 | BE21: {=IF( AND($H21 > $BN$7, Tabella01MarzoInverter[[#This Row],[Active power TX3-INV-11]] <= 0), IF( Tabella01MarzoInverter[[#This Row],[TX3 - Average Power]:[TX3 - Average Power]] > 0, Tabella01MarzoInverter[[#This Row],[TX3 - Average Power]:[TX3 - Average Power]] * 0.25, ($H21 / 1000) * BE$10 * $BN$4 * 0.25 ), 0 ) + IF( $N21 < 0.875, MAX(0, MIN(($H21 / 1000) * BE$10 * $BN$4, BE$11 * 0.876) - (BE$11 * $N21)) * 0.25, 0 )} -> 0 | BF21: {=IF( AND($H21 > $BN$7, Tabella01MarzoInverter[[#This Row],[Active power TX3-INV-12]] <= 0), IF( Tabella01MarzoInverter[[#This Row],[TX3 - Average Power]:[TX3 - Average Power]] > 0, Tabella01MarzoInverter[[#This Row],[TX3 - Average Power]:[TX3 - Average Power]] * 0.25, ($H21 / 1000) * BF$10 * $BN$4 * 0.25 ), 0 ) + IF( $N21 < 0.875, MAX(0, MIN(($H21 / 1000) * BF$10 * $BN$4, BF$11 * 0.876) - (BF$11 * $N21)) * 0.25, 0 )} -> 0 | BG21: =AVERAGE(TabellaMar2026[[#This Row],[Colonna55]:[Colonna53]]) -> 0 | BH21: =MAX(TabellaMar2026[[#This Row],[Colonna55]:[Colonna53]]) -> 0 | BI21: =MIN(TabellaMar2026[[#This Row],[Colonna55]:[Colonna53]]) -> 0 | BJ21: =SUM(TabellaMar2026[[#This Row],[Colonna54]:[Colonna53]]) -> 0 | BK21: =(SUM(Tabella01MarzoInverter[[Active power TX1-INV-1]:[Active power TX3-INV-12]]) * 0.25) / (12625 * (SUM($G$15:$H$110) * 0.25 / 1000)) -> 1.0142296
A22: 46147 | B22: 01:45:00.000 | C22: 0 | D22: 0 | E22: 0 | F22: 0 | G22: =IFERROR((D22+F22)/2, 0) -> 0 | H22: =IFERROR(IF(AVERAGE(C22,E22)>$BN$7,AVERAGE(C22,E22),0), 0) -> 0 | I22: =IFERROR(IF(AND(D22=0,F22=0),0,IF(H22>$BN$6,MAX(D22,F22),G22)), 0) -> 0 | J22: =IFERROR(IF(AND(D22>0,F22>0),ABS(D22-F22)/AVERAGE(D22,F22),0), 0) -> 0 | K22: 30386.2 | L22: 30386.2 | M22: =IFERROR((L22-K22)*1000, 0) -> 0 | N22: 0.876 | O22: {=IF( AND($H22 > $BN$7, Tabella01MarzoInverter[[#This Row],[Active power TX1-INV-1]] <= 0), IF( Tabella01MarzoInverter[[#This Row],[TX1 - Average Power]:[TX1 - Average Power]] > 0, Tabella01MarzoInverter[[#This Row],[TX1 - Average Power]:[TX1 - Average Power]] * 0.25, ($H22 / 1000) * O$10 * $BN$4 * 0.25 ), 0 ) + IF( $N22 < 0.875, MAX(0, MIN(($H22 / 1000) * O$10 * $BN$4, O$11 * 0.876) - (O$11 * $N22)) * 0.25, 0 )} -> 0 | P22: {=IF( AND($H22 > $BN$7, Tabella01MarzoInverter[[#This Row],[Active power TX1-INV-2]] <= 0), IF( Tabella01MarzoInverter[[#This Row],[TX1 - Average Power]:[TX1 - Average Power]] > 0, Tabella01MarzoInverter[[#This Row],[TX1 - Average Power]:[TX1 - Average Power]] * 0.25, ($H22 / 1000) * P$10 * $BN$4 * 0.25 ), 0 ) + IF( $N22 < 0.875, MAX(0, MIN(($H22 / 1000) * P$10 * $BN$4, P$11 * 0.876) - (P$11 * $N22)) * 0.25, 0 )} -> 0 | Q22: {=IF( AND($H22 > $BN$7, Tabella01MarzoInverter[[#This Row],[Active power TX1-INV-3]] <= 0), IF( Tabella01MarzoInverter[[#This Row],[TX1 - Average Power]:[TX1 - Average Power]] > 0, Tabella01MarzoInverter[[#This Row],[TX1 - Average Power]:[TX1 - Average Power]] * 0.25, ($H22 / 1000) * Q$10 * $BN$4 * 0.25 ), 0 ) + IF( $N22 < 0.875, MAX(0, MIN(($H22 / 1000) * Q$10 * $BN$4, Q$11 * 0.876) - (Q$11 * $N22)) * 0.25, 0 )} -> 0 | R22: {=IF( AND($H22 > $BN$7, Tabella01MarzoInverter[[#This Row],[Active power TX1-INV-4]] <= 0), IF( Tabella01MarzoInverter[[#This Row],[TX1 - Average Power]:[TX1 - Average Power]] > 0, Tabella01MarzoInverter[[#This Row],[TX1 - Average Power]:[TX1 - Average Power]] * 0.25, ($H22 / 1000) * R$10 * $BN$4 * 0.25 ), 0 ) + IF( $N22 < 0.875, MAX(0, MIN(($H22 / 1000) * R$10 * $BN$4, R$11 * 0.876) - (R$11 * $N22)) * 0.25, 0 )} -> 0 | S22: {=IF( AND($H22 > $BN$7, Tabella01MarzoInverter[[#This Row],[Active power TX1-INV-5]] <= 0), IF( Tabella01MarzoInverter[[#This Row],[TX1 - Average Power]:[TX1 - Average Power]] > 0, Tabella01MarzoInverter[[#This Row],[TX1 - Average Power]:[TX1 - Average Power]] * 0.25, ($H22 / 1000) * S$10 * $BN$4 * 0.25 ), 0 ) + IF( $N22 < 0.875, MAX(0, MIN(($H22 / 1000) * S$10 * $BN$4, S$11 * 0.876) - (S$11 * $N22)) * 0.25, 0 )} -> 0 | T22: {=IF( AND($H22 > $BN$7, Tabella01MarzoInverter[[#This Row],[Active power TX1-INV-6]] <= 0), IF( Tabella01MarzoInverter[[#This Row],[TX1 - Average Power]:[TX1 - Average Power]] > 0, Tabella01MarzoInverter[[#This Row],[TX1 - Average Power]:[TX1 - Average Power]] * 0.25, ($H22 / 1000) * T$10 * $BN$4 * 0.25 ), 0 ) + IF( $N22 < 0.875, MAX(0, MIN(($H22 / 1000) * T$10 * $BN$4, T$11 * 0.876) - (T$11 * $N22)) * 0.25, 0 )} -> 0 | U22: {=IF( AND($H22 > $BN$7, Tabella01MarzoInverter[[#This Row],[Active power TX1-INV-7]] <= 0), IF( Tabella01MarzoInverter[[#This Row],[TX1 - Average Power]:[TX1 - Average Power]] > 0, Tabella01MarzoInverter[[#This Row],[TX1 - Average Power]:[TX1 - Average Power]] * 0.25, ($H22 / 1000) * U$10 * $BN$4 * 0.25 ), 0 ) + IF( $N22 < 0.875, MAX(0, MIN(($H22 / 1000) * U$10 * $BN$4, U$11 * 0.876) - (U$11 * $N22)) * 0.25, 0 )} -> 0 | V22: {=IF( AND($H22 > $BN$7, Tabella01MarzoInverter[[#This Row],[Active power TX1-INV-8]] <= 0), IF( Tabella01MarzoInverter[[#This Row],[TX1 - Average Power]:[TX1 - Average Power]] > 0, Tabella01MarzoInverter[[#This Row],[TX1 - Average Power]:[TX1 - Average Power]] * 0.25, ($H22 / 1000) * V$10 * $BN$4 * 0.25 ), 0 ) + IF( $N22 < 0.875, MAX(0, MIN(($H22 / 1000) * V$10 * $BN$4, V$11 * 0.876) - (V$11 * $N22)) * 0.25, 0 )} -> 0 | W22: {=IF( AND($H22 > $BN$7, Tabella01MarzoInverter[[#This Row],[Active power TX1-INV-9]] <= 0), IF( Tabella01MarzoInverter[[#This Row],[TX1 - Average Power]:[TX1 - Average Power]] > 0, Tabella01MarzoInverter[[#This Row],[TX1 - Average Power]:[TX1 - Average Power]] * 0.25, ($H22 / 1000) * W$10 * $BN$4 * 0.25 ), 0 ) + IF( $N22 < 0.875, MAX(0, MIN(($H22 / 1000) * W$10 * $BN$4, W$11 * 0.876) - (W$11 * $N22)) * 0.25, 0 )} -> 0 | X22: {=IF( AND($H22 > $BN$7, Tabella01MarzoInverter[[#This Row],[Active power TX1-INV-10]] <= 0), IF( Tabella01MarzoInverter[[#This Row],[TX1 - Average Power]:[TX1 - Average Power]] > 0, Tabella01MarzoInverter[[#This Row],[TX1 - Average Power]:[TX1 - Average Power]] * 0.25, ($H22 / 1000) * X$10 * $BN$4 * 0.25 ), 0 ) + IF( $N22 < 0.875, MAX(0, MIN(($H22 / 1000) * X$10 * $BN$4, X$11 * 0.876) - (X$11 * $N22)) * 0.25, 0 )} -> 0 | Y22: {=IF( AND($H22 > $BN$7, Tabella01MarzoInverter[[#This Row],[Active power TX1-INV-11]] <= 0), IF( Tabella01MarzoInverter[[#This Row],[TX1 - Average Power]:[TX1 - Average Power]] > 0, Tabella01MarzoInverter[[#This Row],[TX1 - Average Power]:[TX1 - Average Power]] * 0.25, ($H22 / 1000) * Y$10 * $BN$4 * 0.25 ), 0 ) + IF( $N22 < 0.875, MAX(0, MIN(($H22 / 1000) * Y$10 * $BN$4, Y$11 * 0.876) - (Y$11 * $N22)) * 0.25, 0 )} -> 0 | Z22: {=IF( AND($H22 > $BN$7, Tabella01MarzoInverter[[#This Row],[Active power TX1-INV-12]] <= 0), IF( Tabella01MarzoInverter[[#This Row],[TX1 - Average Power]:[TX1 - Average Power]] > 0, Tabella01MarzoInverter[[#This Row],[TX1 - Average Power]:[TX1 - Average Power]] * 0.25, ($H22 / 1000) * Z$10 * $BN$4 * 0.25 ), 0 ) + IF( $N22 < 0.875, MAX(0, MIN(($H22 / 1000) * Z$10 * $BN$4, Z$11 * 0.876) - (Z$11 * $N22)) * 0.25, 0 )} -> 0 | AA22: =AVERAGE(TabellaMar2026[[#This Row],[Colonna24]:[Colonna20]]) -> 0 | AB22: =MAX(TabellaMar2026[[#This Row],[Colonna24]:[Colonna20]]) -> 0 | AC22: =MIN(TabellaMar2026[[#This Row],[Colonna24]:[Colonna20]]) -> 0 | AD22: =SUM(TabellaMar2026[[#This Row],[Colonna24]:[Colonna20]]) -> 0 | AE22: =IF( AND($H22 > $BN$7, Tabella01MarzoInverter[[#This Row],[Active power TX2-INV-1]] <= 0, Tabella01MarzoInverter[[#This Row],[TX2 - Average Power]] <= 0), MIN(($H22 / 1000) * AE$10 * $BN$4, AE$11 * 0.876) * 0.25, IF( AND($H22 > $BN$7, Tabella01MarzoInverter[[#This Row],[Active power TX2-INV-1]] <= 0), Tabella01MarzoInverter[[#This Row],[TX2 - Average Power]] * 0.25, 0 ) + IF( $N22 < 0.875, MAX(0, MIN(($H22 / 1000) * AE$10 * $BN$4, AE$11 * 0.876) - (AE$11 * $N22)) * 0.25, 0 ) ) -> 0 | AF22: =IF( AND($H22 > $BN$7, Tabella01MarzoInverter[[#This Row],[Active power TX2-INV-2]] <= 0, Tabella01MarzoInverter[[#This Row],[TX2 - Max Power]] <= 0), MIN(($H22 / 1000) * AF$10 * $BN$4, AF$11 * 0.876) * 0.25, IF( AND($H22 > $BN$7, Tabella01MarzoInverter[[#This Row],[Active power TX2-INV-2]] <= 0), Tabella01MarzoInverter[[#This Row],[TX2 - Max Power]] * 0.25, 0 ) + IF( $N22 < 0.875, MAX(0, MIN(($H22 / 1000) * AF$10 * $BN$4, AF$11 * 0.876) - (AF$11 * $N22)) * 0.25, 0 ) ) -> 0 | AG22: =IF( AND($H22 > $BN$7, Tabella01MarzoInverter[[#This Row],[Active power TX2-INV-3]] <= 0, Tabella01MarzoInverter[[#This Row],[TX2 - Min Power]] <= 0), MIN(($H22 / 1000) * AG$10 * $BN$4, AG$11 * 0.876) * 0.25, IF( AND($H22 > $BN$7, Tabella01MarzoInverter[[#This Row],[Active power TX2-INV-3]] <= 0), Tabella01MarzoInverter[[#This Row],[TX2 - Min Power]] * 0.25, 0 ) + IF( $N22 < 0.875, MAX(0, MIN(($H22 / 1000) * AG$10 * $BN$4, AG$11 * 0.876) - (AG$11 * $N22)) * 0.25, 0 ) ) -> 0 | AH22: =IF( AND($H22 > $BN$7, Tabella01MarzoInverter[[#This Row],[Active power TX2-INV-4]] <= 0, Tabella01MarzoInverter[[#This Row],[Active power TX3-INV-1]] <= 0), MIN(($H22 / 1000) * AH$10 * $BN$4, AH$11 * 0.876) * 0.25, IF( AND($H22 > $BN$7, Tabella01MarzoInverter[[#This Row],[Active power TX2-INV-4]] <= 0), Tabella01MarzoInverter[[#This Row],[Active power TX3-INV-1]] * 0.25, 0 ) + IF( $N22 < 0.875, MAX(0, MIN(($H22 / 1000) * AH$10 * $BN$4, AH$11 * 0.876) - (AH$11 * $N22)) * 0.25, 0 ) ) -> 0 | AI22: =IF( AND($H22 > $BN$7, Tabella01MarzoInverter[[#This Row],[Active power TX2-INV-5]] <= 0, Tabella01MarzoInverter[[#This Row],[Active power TX3-INV-2]] <= 0), MIN(($H22 / 1000) * AI$10 * $BN$4, AI$11 * 0.876) * 0.25, IF( AND($H22 > $BN$7, Tabella01MarzoInverter[[#This Row],[Active power TX2-INV-5]] <= 0), Tabella01MarzoInverter[[#This Row],[Active power TX3-INV-2]] * 0.25, 0 ) + IF( $N22 < 0.875, MAX(0, MIN(($H22 / 1000) * AI$10 * $BN$4, AI$11 * 0.876) - (AI$11 * $N22)) * 0.25, 0 ) ) -> 0 | AJ22: =IF( AND($H22 > $BN$7, Tabella01MarzoInverter[[#This Row],[Active power TX2-INV-6]] <= 0, Tabella01MarzoInverter[[#This Row],[Active power TX3-INV-3]] <= 0), MIN(($H22 / 1000) * AJ$10 * $BN$4, AJ$11 * 0.876) * 0.25, IF( AND($H22 > $BN$7, Tabella01MarzoInverter[[#This Row],[Active power TX2-INV-6]] <= 0), Tabella01MarzoInverter[[#This Row],[Active power TX3-INV-3]] * 0.25, 0 ) + IF( $N22 < 0.875, MAX(0, MIN(($H22 / 1000) * AJ$10 * $BN$4, AJ$11 * 0.876) - (AJ$11 * $N22)) * 0.25, 0 ) ) -> 0 | AK22: =IF( AND($H22 > $BN$7, Tabella01MarzoInverter[[#This Row],[Active power TX2-INV-7]] <= 0, Tabella01MarzoInverter[[#This Row],[Active power TX3-INV-4]] <= 0), MIN(($H22 / 1000) * AK$10 * $BN$4, AK$11 * 0.876) * 0.25, IF( AND($H22 > $BN$7, Tabella01MarzoInverter[[#This Row],[Active power TX2-INV-7]] <= 0), Tabella01MarzoInverter[[#This Row],[Active power TX3-INV-4]] * 0.25, 0 ) + IF( $N22 < 0.875, MAX(0, MIN(($H22 / 1000) * AK$10 * $BN$4, AK$11 * 0.876) - (AK$11 * $N22)) * 0.25, 0 ) ) -> 0 | AL22: =IF( AND($H22 > $BN$7, Tabella01MarzoInverter[[#This Row],[Active power TX2-INV-8]] <= 0, Tabella01MarzoInverter[[#This Row],[Active power TX3-INV-5]] <= 0), MIN(($H22 / 1000) * AL$10 * $BN$4, AL$11 * 0.876) * 0.25, IF( AND($H22 > $BN$7, Tabella01MarzoInverter[[#This Row],[Active power TX2-INV-8]] <= 0), Tabella01MarzoInverter[[#This Row],[Active power TX3-INV-5]] * 0.25, 0 ) + IF( $N22 < 0.875, MAX(0, MIN(($H22 / 1000) * AL$10 * $BN$4, AL$11 * 0.876) - (AL$11 * $N22)) * 0.25, 0 ) ) -> 0 | AM22: =IF( AND($H22 > $BN$7, Tabella01MarzoInverter[[#This Row],[Active power TX2-INV-9]] <= 0, Tabella01MarzoInverter[[#This Row],[Active power TX3-INV-6]] <= 0), MIN(($H22 / 1000) * AM$10 * $BN$4, AM$11 * 0.876) * 0.25, IF( AND($H22 > $BN$7, Tabella01MarzoInverter[[#This Row],[Active power TX2-INV-9]] <= 0), Tabella01MarzoInverter[[#This Row],[Active power TX3-INV-6]] * 0.25, 0 ) + IF( $N22 < 0.875, MAX(0, MIN(($H22 / 1000) * AM$10 * $BN$4, AM$11 * 0.876) - (AM$11 * $N22)) * 0.25, 0 ) ) -> 0 | AN22: =IF( AND($H22 > $BN$7, Tabella01MarzoInverter[[#This Row],[Active power TX2-INV-10]] <= 0, Tabella01MarzoInverter[[#This Row],[Active power TX3-INV-7]] <= 0), MIN(($H22 / 1000) * AN$10 * $BN$4, AN$11 * 0.876) * 0.25, IF( AND($H22 > $BN$7, Tabella01MarzoInverter[[#This Row],[Active power TX2-INV-10]] <= 0), Tabella01MarzoInverter[[#This Row],[Active power TX3-INV-7]] * 0.25, 0 ) + IF( $N22 < 0.875, MAX(0, MIN(($H22 / 1000) * AN$10 * $BN$4, AN$11 * 0.876) - (AN$11 * $N22)) * 0.25, 0 ) ) -> 0 | AO22: =IF( AND($H22 > $BN$7, Tabella01MarzoInverter[[#This Row],[Active power TX2-INV-11]] <= 0, Tabella01MarzoInverter[[#This Row],[Active power TX3-INV-8]] <= 0), MIN(($H22 / 1000) * AO$10 * $BN$4, AO$11 * 0.876) * 0.25, IF( AND($H22 > $BN$7, Tabella01MarzoInverter[[#This Row],[Active power TX2-INV-11]] <= 0), Tabella01MarzoInverter[[#This Row],[Active power TX3-INV-8]] * 0.25, 0 ) + IF( $N22 < 0.875, MAX(0, MIN(($H22 / 1000) * AO$10 * $BN$4, AO$11 * 0.876) - (AO$11 * $N22)) * 0.25, 0 ) ) -> 0 | AP22: =IF( AND($H22 > $BN$7, Tabella01MarzoInverter[[#This Row],[Active power TX2-INV-12]] <= 0, Tabella01MarzoInverter[[#This Row],[Active power TX3-INV-9]] <= 0), MIN(($H22 / 1000) * AP$10 * $BN$4, AP$11 * 0.876) * 0.25, IF( AND($H22 > $BN$7, Tabella01MarzoInverter[[#This Row],[Active power TX2-INV-12]] <= 0), Tabella01MarzoInverter[[#This Row],[Active power TX3-INV-9]] * 0.25, 0 ) + IF( $N22 < 0.875, MAX(0, MIN(($H22 / 1000) * AP$10 * $BN$4, AP$11 * 0.876) - (AP$11 * $N22)) * 0.25, 0 ) ) -> 0 | AQ22: =AVERAGE(TabellaMar2026[[#This Row],[Colonna39]:[Colonna6]]) -> 0 | AR22: =MAX(TabellaMar2026[[#This Row],[Colonna39]:[Colonna6]]) -> 0 | AS22: =MIN(TabellaMar2026[[#This Row],[Colonna39]:[Colonna6]]) -> 0 | AT22: =SUM(TabellaMar2026[[#This Row],[Colonna39]:[Colonna6]]) -> 0 | AU22: {=IF( AND($H22 > $BN$7, Tabella01MarzoInverter[[#This Row],[Active power TX3-INV-1]] <= 0), IF( Tabella01MarzoInverter[[#This Row],[TX3 - Average Power]:[TX3 - Average Power]] > 0, Tabella01MarzoInverter[[#This Row],[TX3 - Average Power]:[TX3 - Average Power]] * 0.25, ($H22 / 1000) * AU$10 * $BN$4 * 0.25 ), 0 ) + IF( $N22 < 0.875, MAX(0, MIN(($H22 / 1000) * AU$10 * $BN$4, AU$11 * 0.876) - (AU$11 * $N22)) * 0.25, 0 )} -> 0 | AV22: {=IF( AND($H22 > $BN$7, Tabella01MarzoInverter[[#This Row],[Active power TX3-INV-2]] <= 0), IF( Tabella01MarzoInverter[[#This Row],[TX3 - Average Power]:[TX3 - Average Power]] > 0, Tabella01MarzoInverter[[#This Row],[TX3 - Average Power]:[TX3 - Average Power]] * 0.25, ($H22 / 1000) * AV$10 * $BN$4 * 0.25 ), 0 ) + IF( $N22 < 0.875, MAX(0, MIN(($H22 / 1000) * AV$10 * $BN$4, AV$11 * 0.876) - (AV$11 * $N22)) * 0.25, 0 )} -> 0 | AW22: {=IF( AND($H22 > $BN$7, Tabella01MarzoInverter[[#This Row],[Active power TX3-INV-3]] <= 0), IF( Tabella01MarzoInverter[[#This Row],[TX3 - Average Power]:[TX3 - Average Power]] > 0, Tabella01MarzoInverter[[#This Row],[TX3 - Average Power]:[TX3 - Average Power]] * 0.25, ($H22 / 1000) * AW$10 * $BN$4 * 0.25 ), 0 ) + IF( $N22 < 0.875, MAX(0, MIN(($H22 / 1000) * AW$10 * $BN$4, AW$11 * 0.876) - (AW$11 * $N22)) * 0.25, 0 )} -> 0 | AX22: {=IF( AND($H22 > $BN$7, Tabella01MarzoInverter[[#This Row],[Active power TX3-INV-4]] <= 0), IF( Tabella01MarzoInverter[[#This Row],[TX3 - Average Power]:[TX3 - Average Power]] > 0, Tabella01MarzoInverter[[#This Row],[TX3 - Average Power]:[TX3 - Average Power]] * 0.25, ($H22 / 1000) * AX$10 * $BN$4 * 0.25 ), 0 ) + IF( $N22 < 0.875, MAX(0, MIN(($H22 / 1000) * AX$10 * $BN$4, AX$11 * 0.876) - (AX$11 * $N22)) * 0.25, 0 )} -> 0 | AY22: {=IF( AND($H22 > $BN$7, Tabella01MarzoInverter[[#This Row],[Active power TX3-INV-5]] <= 0), IF( Tabella01MarzoInverter[[#This Row],[TX3 - Average Power]:[TX3 - Average Power]] > 0, Tabella01MarzoInverter[[#This Row],[TX3 - Average Power]:[TX3 - Average Power]] * 0.25, ($H22 / 1000) * AY$10 * $BN$4 * 0.25 ), 0 ) + IF( $N22 < 0.875, MAX(0, MIN(($H22 / 1000) * AY$10 * $BN$4, AY$11 * 0.876) - (AY$11 * $N22)) * 0.25, 0 )} -> 0 | AZ22: {=IF( AND($H22 > $BN$7, Tabella01MarzoInverter[[#This Row],[Active power TX3-INV-6]] <= 0), IF( Tabella01MarzoInverter[[#This Row],[TX3 - Average Power]:[TX3 - Average Power]] > 0, Tabella01MarzoInverter[[#This Row],[TX3 - Average Power]:[TX3 - Average Power]] * 0.25, ($H22 / 1000) * AZ$10 * $BN$4 * 0.25 ), 0 ) + IF( $N22 < 0.875, MAX(0, MIN(($H22 / 1000) * AZ$10 * $BN$4, AZ$11 * 0.876) - (AZ$11 * $N22)) * 0.25, 0 )} -> 0 | BA22: {=IF( AND($H22 > $BN$7, Tabella01MarzoInverter[[#This Row],[Active power TX3-INV-7]] <= 0), IF( Tabella01MarzoInverter[[#This Row],[TX3 - Average Power]:[TX3 - Average Power]] > 0, Tabella01MarzoInverter[[#This Row],[TX3 - Average Power]:[TX3 - Average Power]] * 0.25, ($H22 / 1000) * BA$10 * $BN$4 * 0.25 ), 0 ) + IF( $N22 < 0.875, MAX(0, MIN(($H22 / 1000) * BA$10 * $BN$4, BA$11 * 0.876) - (BA$11 * $N22)) * 0.25, 0 )} -> 0 | BB22: {=IF( AND($H22 > $BN$7, Tabella01MarzoInverter[[#This Row],[Active power TX3-INV-8]] <= 0), IF( Tabella01MarzoInverter[[#This Row],[TX3 - Average Power]:[TX3 - Average Power]] > 0, Tabella01MarzoInverter[[#This Row],[TX3 - Average Power]:[TX3 - Average Power]] * 0.25, ($H22 / 1000) * BB$10 * $BN$4 * 0.25 ), 0 ) + IF( $N22 < 0.875, MAX(0, MIN(($H22 / 1000) * BB$10 * $BN$4, BB$11 * 0.876) - (BB$11 * $N22)) * 0.25, 0 )} -> 0 | BC22: {=IF( AND($H22 > $BN$7, Tabella01MarzoInverter[[#This Row],[Active power TX3-INV-9]] <= 0), IF( Tabella01MarzoInverter[[#This Row],[TX3 - Average Power]:[TX3 - Average Power]] > 0, Tabella01MarzoInverter[[#This Row],[TX3 - Average Power]:[TX3 - Average Power]] * 0.25, ($H22 / 1000) * BC$10 * $BN$4 * 0.25 ), 0 ) + IF( $N22 < 0.875, MAX(0, MIN(($H22 / 1000) * BC$10 * $BN$4, BC$11 * 0.876) - (BC$11 * $N22)) * 0.25, 0 )} -> 0 | BD22: {=IF( AND($H22 > $BN$7, Tabella01MarzoInverter[[#This Row],[Active power TX3-INV-10]] <= 0), IF( Tabella01MarzoInverter[[#This Row],[TX3 - Average Power]:[TX3 - Average Power]] > 0, Tabella01MarzoInverter[[#This Row],[TX3 - Average Power]:[TX3 - Average Power]] * 0.25, ($H22 / 1000) * BD$10 * $BN$4 * 0.25 ), 0 ) + IF( $N22 < 0.875, MAX(0, MIN(($H22 / 1000) * BD$10 * $BN$4, BD$11 * 0.876) - (BD$11 * $N22)) * 0.25, 0 )} -> 0 | BE22: {=IF( AND($H22 > $BN$7, Tabella01MarzoInverter[[#This Row],[Active power TX3-INV-11]] <= 0), IF( Tabella01MarzoInverter[[#This Row],[TX3 - Average Power]:[TX3 - Average Power]] > 0, Tabella01MarzoInverter[[#This Row],[TX3 - Average Power]:[TX3 - Average Power]] * 0.25, ($H22 / 1000) * BE$10 * $BN$4 * 0.25 ), 0 ) + IF( $N22 < 0.875, MAX(0, MIN(($H22 / 1000) * BE$10 * $BN$4, BE$11 * 0.876) - (BE$11 * $N22)) * 0.25, 0 )} -> 0 | BF22: {=IF( AND($H22 > $BN$7, Tabella01MarzoInverter[[#This Row],[Active power TX3-INV-12]] <= 0), IF( Tabella01MarzoInverter[[#This Row],[TX3 - Average Power]:[TX3 - Average Power]] > 0, Tabella01MarzoInverter[[#This Row],[TX3 - Average Power]:[TX3 - Average Power]] * 0.25, ($H22 / 1000) * BF$10 * $BN$4 * 0.25 ), 0 ) + IF( $N22 < 0.875, MAX(0, MIN(($H22 / 1000) * BF$10 * $BN$4, BF$11 * 0.876) - (BF$11 * $N22)) * 0.25, 0 )} -> 0 | BG22: =AVERAGE(TabellaMar2026[[#This Row],[Colonna55]:[Colonna53]]) -> 0 | BH22: =MAX(TabellaMar2026[[#This Row],[Colonna55]:[Colonna53]]) -> 0 | BI22: =MIN(TabellaMar2026[[#This Row],[Colonna55]:[Colonna53]]) -> 0 | BJ22: =SUM(TabellaMar2026[[#This Row],[Colonna54]:[Colonna53]]) -> 0 | BK22: =(SUM(Tabella01MarzoInverter[[Active power TX1-INV-1]:[Active power TX3-INV-12]]) * 0.25) / (12625 * (SUM($G$15:$H$110) * 0.25 / 1000)) -> 1.0142296
A23: 46147 | B23: 02:00:00.000 | C23: 0 | D23: 0 | E23: 0 | F23: 0 | G23: =IFERROR((D23+F23)/2, 0) -> 0 | H23: =IFERROR(IF(AVERAGE(C23,E23)>$BN$7,AVERAGE(C23,E23),0), 0) -> 0 | I23: =IFERROR(IF(AND(D23=0,F23=0),0,IF(H23>$BN$6,MAX(D23,F23),G23)), 0) -> 0 | J23: =IFERROR(IF(AND(D23>0,F23>0),ABS(D23-F23)/AVERAGE(D23,F23),0), 0) -> 0 | K23: 30386.2 | L23: 30386.2 | M23: =IFERROR((L23-K23)*1000, 0) -> 0 | N23: 0.876 | O23: {=IF( AND($H23 > $BN$7, Tabella01MarzoInverter[[#This Row],[Active power TX1-INV-1]] <= 0), IF( Tabella01MarzoInverter[[#This Row],[TX1 - Average Power]:[TX1 - Average Power]] > 0, Tabella01MarzoInverter[[#This Row],[TX1 - Average Power]:[TX1 - Average Power]] * 0.25, ($H23 / 1000) * O$10 * $BN$4 * 0.25 ), 0 ) + IF( $N23 < 0.875, MAX(0, MIN(($H23 / 1000) * O$10 * $BN$4, O$11 * 0.876) - (O$11 * $N23)) * 0.25, 0 )} -> 0 | P23: {=IF( AND($H23 > $BN$7, Tabella01MarzoInverter[[#This Row],[Active power TX1-INV-2]] <= 0), IF( Tabella01MarzoInverter[[#This Row],[TX1 - Average Power]:[TX1 - Average Power]] > 0, Tabella01MarzoInverter[[#This Row],[TX1 - Average Power]:[TX1 - Average Power]] * 0.25, ($H23 / 1000) * P$10 * $BN$4 * 0.25 ), 0 ) + IF( $N23 < 0.875, MAX(0, MIN(($H23 / 1000) * P$10 * $BN$4, P$11 * 0.876) - (P$11 * $N23)) * 0.25, 0 )} -> 0 | Q23: {=IF( AND($H23 > $BN$7, Tabella01MarzoInverter[[#This Row],[Active power TX1-INV-3]] <= 0), IF( Tabella01MarzoInverter[[#This Row],[TX1 - Average Power]:[TX1 - Average Power]] > 0, Tabella01MarzoInverter[[#This Row],[TX1 - Average Power]:[TX1 - Average Power]] * 0.25, ($H23 / 1000) * Q$10 * $BN$4 * 0.25 ), 0 ) + IF( $N23 < 0.875, MAX(0, MIN(($H23 / 1000) * Q$10 * $BN$4, Q$11 * 0.876) - (Q$11 * $N23)) * 0.25, 0 )} -> 0 | R23: {=IF( AND($H23 > $BN$7, Tabella01MarzoInverter[[#This Row],[Active power TX1-INV-4]] <= 0), IF( Tabella01MarzoInverter[[#This Row],[TX1 - Average Power]:[TX1 - Average Power]] > 0, Tabella01MarzoInverter[[#This Row],[TX1 - Average Power]:[TX1 - Average Power]] * 0.25, ($H23 / 1000) * R$10 * $BN$4 * 0.25 ), 0 ) + IF( $N23 < 0.875, MAX(0, MIN(($H23 / 1000) * R$10 * $BN$4, R$11 * 0.876) - (R$11 * $N23)) * 0.25, 0 )} -> 0 | S23: {=IF( AND($H23 > $BN$7, Tabella01MarzoInverter[[#This Row],[Active power TX1-INV-5]] <= 0), IF( Tabella01MarzoInverter[[#This Row],[TX1 - Average Power]:[TX1 - Average Power]] > 0, Tabella01MarzoInverter[[#This Row],[TX1 - Average Power]:[TX1 - Average Power]] * 0.25, ($H23 / 1000) * S$10 * $BN$4 * 0.25 ), 0 ) + IF( $N23 < 0.875, MAX(0, MIN(($H23 / 1000) * S$10 * $BN$4, S$11 * 0.876) - (S$11 * $N23)) * 0.25, 0 )} -> 0 | T23: {=IF( AND($H23 > $BN$7, Tabella01MarzoInverter[[#This Row],[Active power TX1-INV-6]] <= 0), IF( Tabella01MarzoInverter[[#This Row],[TX1 - Average Power]:[TX1 - Average Power]] > 0, Tabella01MarzoInverter[[#This Row],[TX1 - Average Power]:[TX1 - Average Power]] * 0.25, ($H23 / 1000) * T$10 * $BN$4 * 0.25 ), 0 ) + IF( $N23 < 0.875, MAX(0, MIN(($H23 / 1000) * T$10 * $BN$4, T$11 * 0.876) - (T$11 * $N23)) * 0.25, 0 )} -> 0 | U23: {=IF( AND($H23 > $BN$7, Tabella01MarzoInverter[[#This Row],[Active power TX1-INV-7]] <= 0), IF( Tabella01MarzoInverter[[#This Row],[TX1 - Average Power]:[TX1 - Average Power]] > 0, Tabella01MarzoInverter[[#This Row],[TX1 - Average Power]:[TX1 - Average Power]] * 0.25, ($H23 / 1000) * U$10 * $BN$4 * 0.25 ), 0 ) + IF( $N23 < 0.875, MAX(0, MIN(($H23 / 1000) * U$10 * $BN$4, U$11 * 0.876) - (U$11 * $N23)) * 0.25, 0 )} -> 0 | V23: {=IF( AND($H23 > $BN$7, Tabella01MarzoInverter[[#This Row],[Active power TX1-INV-8]] <= 0), IF( Tabella01MarzoInverter[[#This Row],[TX1 - Average Power]:[TX1 - Average Power]] > 0, Tabella01MarzoInverter[[#This Row],[TX1 - Average Power]:[TX1 - Average Power]] * 0.25, ($H23 / 1000) * V$10 * $BN$4 * 0.25 ), 0 ) + IF( $N23 < 0.875, MAX(0, MIN(($H23 / 1000) * V$10 * $BN$4, V$11 * 0.876) - (V$11 * $N23)) * 0.25, 0 )} -> 0 | W23: {=IF( AND($H23 > $BN$7, Tabella01MarzoInverter[[#This Row],[Active power TX1-INV-9]] <= 0), IF( Tabella01MarzoInverter[[#This Row],[TX1 - Average Power]:[TX1 - Average Power]] > 0, Tabella01MarzoInverter[[#This Row],[TX1 - Average Power]:[TX1 - Average Power]] * 0.25, ($H23 / 1000) * W$10 * $BN$4 * 0.25 ), 0 ) + IF( $N23 < 0.875, MAX(0, MIN(($H23 / 1000) * W$10 * $BN$4, W$11 * 0.876) - (W$11 * $N23)) * 0.25, 0 )} -> 0 | X23: {=IF( AND($H23 > $BN$7, Tabella01MarzoInverter[[#This Row],[Active power TX1-INV-10]] <= 0), IF( Tabella01MarzoInverter[[#This Row],[TX1 - Average Power]:[TX1 - Average Power]] > 0, Tabella01MarzoInverter[[#This Row],[TX1 - Average Power]:[TX1 - Average Power]] * 0.25, ($H23 / 1000) * X$10 * $BN$4 * 0.25 ), 0 ) + IF( $N23 < 0.875, MAX(0, MIN(($H23 / 1000) * X$10 * $BN$4, X$11 * 0.876) - (X$11 * $N23)) * 0.25, 0 )} -> 0 | Y23: {=IF( AND($H23 > $BN$7, Tabella01MarzoInverter[[#This Row],[Active power TX1-INV-11]] <= 0), IF( Tabella01MarzoInverter[[#This Row],[TX1 - Average Power]:[TX1 - Average Power]] > 0, Tabella01MarzoInverter[[#This Row],[TX1 - Average Power]:[TX1 - Average Power]] * 0.25, ($H23 / 1000) * Y$10 * $BN$4 * 0.25 ), 0 ) + IF( $N23 < 0.875, MAX(0, MIN(($H23 / 1000) * Y$10 * $BN$4, Y$11 * 0.876) - (Y$11 * $N23)) * 0.25, 0 )} -> 0 | Z23: {=IF( AND($H23 > $BN$7, Tabella01MarzoInverter[[#This Row],[Active power TX1-INV-12]] <= 0), IF( Tabella01MarzoInverter[[#This Row],[TX1 - Average Power]:[TX1 - Average Power]] > 0, Tabella01MarzoInverter[[#This Row],[TX1 - Average Power]:[TX1 - Average Power]] * 0.25, ($H23 / 1000) * Z$10 * $BN$4 * 0.25 ), 0 ) + IF( $N23 < 0.875, MAX(0, MIN(($H23 / 1000) * Z$10 * $BN$4, Z$11 * 0.876) - (Z$11 * $N23)) * 0.25, 0 )} -> 0 | AA23: =AVERAGE(TabellaMar2026[[#This Row],[Colonna24]:[Colonna20]]) -> 0 | AB23: =MAX(TabellaMar2026[[#This Row],[Colonna24]:[Colonna20]]) -> 0 | AC23: =MIN(TabellaMar2026[[#This Row],[Colonna24]:[Colonna20]]) -> 0 | AD23: =SUM(TabellaMar2026[[#This Row],[Colonna24]:[Colonna20]]) -> 0 | AE23: =IF( AND($H23 > $BN$7, Tabella01MarzoInverter[[#This Row],[Active power TX2-INV-1]] <= 0, Tabella01MarzoInverter[[#This Row],[TX2 - Average Power]] <= 0), MIN(($H23 / 1000) * AE$10 * $BN$4, AE$11 * 0.876) * 0.25, IF( AND($H23 > $BN$7, Tabella01MarzoInverter[[#This Row],[Active power TX2-INV-1]] <= 0), Tabella01MarzoInverter[[#This Row],[TX2 - Average Power]] * 0.25, 0 ) + IF( $N23 < 0.875, MAX(0, MIN(($H23 / 1000) * AE$10 * $BN$4, AE$11 * 0.876) - (AE$11 * $N23)) * 0.25, 0 ) ) -> 0 | AF23: =IF( AND($H23 > $BN$7, Tabella01MarzoInverter[[#This Row],[Active power TX2-INV-2]] <= 0, Tabella01MarzoInverter[[#This Row],[TX2 - Max Power]] <= 0), MIN(($H23 / 1000) * AF$10 * $BN$4, AF$11 * 0.876) * 0.25, IF( AND($H23 > $BN$7, Tabella01MarzoInverter[[#This Row],[Active power TX2-INV-2]] <= 0), Tabella01MarzoInverter[[#This Row],[TX2 - Max Power]] * 0.25, 0 ) + IF( $N23 < 0.875, MAX(0, MIN(($H23 / 1000) * AF$10 * $BN$4, AF$11 * 0.876) - (AF$11 * $N23)) * 0.25, 0 ) ) -> 0 | AG23: =IF( AND($H23 > $BN$7, Tabella01MarzoInverter[[#This Row],[Active power TX2-INV-3]] <= 0, Tabella01MarzoInverter[[#This Row],[TX2 - Min Power]] <= 0), MIN(($H23 / 1000) * AG$10 * $BN$4, AG$11 * 0.876) * 0.25, IF( AND($H23 > $BN$7, Tabella01MarzoInverter[[#This Row],[Active power TX2-INV-3]] <= 0), Tabella01MarzoInverter[[#This Row],[TX2 - Min Power]] * 0.25, 0 ) + IF( $N23 < 0.875, MAX(0, MIN(($H23 / 1000) * AG$10 * $BN$4, AG$11 * 0.876) - (AG$11 * $N23)) * 0.25, 0 ) ) -> 0 | AH23: =IF( AND($H23 > $BN$7, Tabella01MarzoInverter[[#This Row],[Active power TX2-INV-4]] <= 0, Tabella01MarzoInverter[[#This Row],[Active power TX3-INV-1]] <= 0), MIN(($H23 / 1000) * AH$10 * $BN$4, AH$11 * 0.876) * 0.25, IF( AND($H23 > $BN$7, Tabella01MarzoInverter[[#This Row],[Active power TX2-INV-4]] <= 0), Tabella01MarzoInverter[[#This Row],[Active power TX3-INV-1]] * 0.25, 0 ) + IF( $N23 < 0.875, MAX(0, MIN(($H23 / 1000) * AH$10 * $BN$4, AH$11 * 0.876) - (AH$11 * $N23)) * 0.25, 0 ) ) -> 0 | AI23: =IF( AND($H23 > $BN$7, Tabella01MarzoInverter[[#This Row],[Active power TX2-INV-5]] <= 0, Tabella01MarzoInverter[[#This Row],[Active power TX3-INV-2]] <= 0), MIN(($H23 / 1000) * AI$10 * $BN$4, AI$11 * 0.876) * 0.25, IF( AND($H23 > $BN$7, Tabella01MarzoInverter[[#This Row],[Active power TX2-INV-5]] <= 0), Tabella01MarzoInverter[[#This Row],[Active power TX3-INV-2]] * 0.25, 0 ) + IF( $N23 < 0.875, MAX(0, MIN(($H23 / 1000) * AI$10 * $BN$4, AI$11 * 0.876) - (AI$11 * $N23)) * 0.25, 0 ) ) -> 0 | AJ23: =IF( AND($H23 > $BN$7, Tabella01MarzoInverter[[#This Row],[Active power TX2-INV-6]] <= 0, Tabella01MarzoInverter[[#This Row],[Active power TX3-INV-3]] <= 0), MIN(($H23 / 1000) * AJ$10 * $BN$4, AJ$11 * 0.876) * 0.25, IF( AND($H23 > $BN$7, Tabella01MarzoInverter[[#This Row],[Active power TX2-INV-6]] <= 0), Tabella01MarzoInverter[[#This Row],[Active power TX3-INV-3]] * 0.25, 0 ) + IF( $N23 < 0.875, MAX(0, MIN(($H23 / 1000) * AJ$10 * $BN$4, AJ$11 * 0.876) - (AJ$11 * $N23)) * 0.25, 0 ) ) -> 0 | AK23: =IF( AND($H23 > $BN$7, Tabella01MarzoInverter[[#This Row],[Active power TX2-INV-7]] <= 0, Tabella01MarzoInverter[[#This Row],[Active power TX3-INV-4]] <= 0), MIN(($H23 / 1000) * AK$10 * $BN$4, AK$11 * 0.876) * 0.25, IF( AND($H23 > $BN$7, Tabella01MarzoInverter[[#This Row],[Active power TX2-INV-7]] <= 0), Tabella01MarzoInverter[[#This Row],[Active power TX3-INV-4]] * 0.25, 0 ) + IF( $N23 < 0.875, MAX(0, MIN(($H23 / 1000) * AK$10 * $BN$4, AK$11 * 0.876) - (AK$11 * $N23)) * 0.25, 0 ) ) -> 0 | AL23: =IF( AND($H23 > $BN$7, Tabella01MarzoInverter[[#This Row],[Active power TX2-INV-8]] <= 0, Tabella01MarzoInverter[[#This Row],[Active power TX3-INV-5]] <= 0), MIN(($H23 / 1000) * AL$10 * $BN$4, AL$11 * 0.876) * 0.25, IF( AND($H23 > $BN$7, Tabella01MarzoInverter[[#This Row],[Active power TX2-INV-8]] <= 0), Tabella01MarzoInverter[[#This Row],[Active power TX3-INV-5]] * 0.25, 0 ) + IF( $N23 < 0.875, MAX(0, MIN(($H23 / 1000) * AL$10 * $BN$4, AL$11 * 0.876) - (AL$11 * $N23)) * 0.25, 0 ) ) -> 0 | AM23: =IF( AND($H23 > $BN$7, Tabella01MarzoInverter[[#This Row],[Active power TX2-INV-9]] <= 0, Tabella01MarzoInverter[[#This Row],[Active power TX3-INV-6]] <= 0), MIN(($H23 / 1000) * AM$10 * $BN$4, AM$11 * 0.876) * 0.25, IF( AND($H23 > $BN$7, Tabella01MarzoInverter[[#This Row],[Active power TX2-INV-9]] <= 0), Tabella01MarzoInverter[[#This Row],[Active power TX3-INV-6]] * 0.25, 0 ) + IF( $N23 < 0.875, MAX(0, MIN(($H23 / 1000) * AM$10 * $BN$4, AM$11 * 0.876) - (AM$11 * $N23)) * 0.25, 0 ) ) -> 0 | AN23: =IF( AND($H23 > $BN$7, Tabella01MarzoInverter[[#This Row],[Active power TX2-INV-10]] <= 0, Tabella01MarzoInverter[[#This Row],[Active power TX3-INV-7]] <= 0), MIN(($H23 / 1000) * AN$10 * $BN$4, AN$11 * 0.876) * 0.25, IF( AND($H23 > $BN$7, Tabella01MarzoInverter[[#This Row],[Active power TX2-INV-10]] <= 0), Tabella01MarzoInverter[[#This Row],[Active power TX3-INV-7]] * 0.25, 0 ) + IF( $N23 < 0.875, MAX(0, MIN(($H23 / 1000) * AN$10 * $BN$4, AN$11 * 0.876) - (AN$11 * $N23)) * 0.25, 0 ) ) -> 0 | AO23: =IF( AND($H23 > $BN$7, Tabella01MarzoInverter[[#This Row],[Active power TX2-INV-11]] <= 0, Tabella01MarzoInverter[[#This Row],[Active power TX3-INV-8]] <= 0), MIN(($H23 / 1000) * AO$10 * $BN$4, AO$11 * 0.876) * 0.25, IF( AND($H23 > $BN$7, Tabella01MarzoInverter[[#This Row],[Active power TX2-INV-11]] <= 0), Tabella01MarzoInverter[[#This Row],[Active power TX3-INV-8]] * 0.25, 0 ) + IF( $N23 < 0.875, MAX(0, MIN(($H23 / 1000) * AO$10 * $BN$4, AO$11 * 0.876) - (AO$11 * $N23)) * 0.25, 0 ) ) -> 0 | AP23: =IF( AND($H23 > $BN$7, Tabella01MarzoInverter[[#This Row],[Active power TX2-INV-12]] <= 0, Tabella01MarzoInverter[[#This Row],[Active power TX3-INV-9]] <= 0), MIN(($H23 / 1000) * AP$10 * $BN$4, AP$11 * 0.876) * 0.25, IF( AND($H23 > $BN$7, Tabella01MarzoInverter[[#This Row],[Active power TX2-INV-12]] <= 0), Tabella01MarzoInverter[[#This Row],[Active power TX3-INV-9]] * 0.25, 0 ) + IF( $N23 < 0.875, MAX(0, MIN(($H23 / 1000) * AP$10 * $BN$4, AP$11 * 0.876) - (AP$11 * $N23)) * 0.25, 0 ) ) -> 0 | AQ23: =AVERAGE(TabellaMar2026[[#This Row],[Colonna39]:[Colonna6]]) -> 0 | AR23: =MAX(TabellaMar2026[[#This Row],[Colonna39]:[Colonna6]]) -> 0 | AS23: =MIN(TabellaMar2026[[#This Row],[Colonna39]:[Colonna6]]) -> 0 | AT23: =SUM(TabellaMar2026[[#This Row],[Colonna39]:[Colonna6]]) -> 0 | AU23: {=IF( AND($H23 > $BN$7, Tabella01MarzoInverter[[#This Row],[Active power TX3-INV-1]] <= 0), IF( Tabella01MarzoInverter[[#This Row],[TX3 - Average Power]:[TX3 - Average Power]] > 0, Tabella01MarzoInverter[[#This Row],[TX3 - Average Power]:[TX3 - Average Power]] * 0.25, ($H23 / 1000) * AU$10 * $BN$4 * 0.25 ), 0 ) + IF( $N23 < 0.875, MAX(0, MIN(($H23 / 1000) * AU$10 * $BN$4, AU$11 * 0.876) - (AU$11 * $N23)) * 0.25, 0 )} -> 0 | AV23: {=IF( AND($H23 > $BN$7, Tabella01MarzoInverter[[#This Row],[Active power TX3-INV-2]] <= 0), IF( Tabella01MarzoInverter[[#This Row],[TX3 - Average Power]:[TX3 - Average Power]] > 0, Tabella01MarzoInverter[[#This Row],[TX3 - Average Power]:[TX3 - Average Power]] * 0.25, ($H23 / 1000) * AV$10 * $BN$4 * 0.25 ), 0 ) + IF( $N23 < 0.875, MAX(0, MIN(($H23 / 1000) * AV$10 * $BN$4, AV$11 * 0.876) - (AV$11 * $N23)) * 0.25, 0 )} -> 0 | AW23: {=IF( AND($H23 > $BN$7, Tabella01MarzoInverter[[#This Row],[Active power TX3-INV-3]] <= 0), IF( Tabella01MarzoInverter[[#This Row],[TX3 - Average Power]:[TX3 - Average Power]] > 0, Tabella01MarzoInverter[[#This Row],[TX3 - Average Power]:[TX3 - Average Power]] * 0.25, ($H23 / 1000) * AW$10 * $BN$4 * 0.25 ), 0 ) + IF( $N23 < 0.875, MAX(0, MIN(($H23 / 1000) * AW$10 * $BN$4, AW$11 * 0.876) - (AW$11 * $N23)) * 0.25, 0 )} -> 0 | AX23: {=IF( AND($H23 > $BN$7, Tabella01MarzoInverter[[#This Row],[Active power TX3-INV-4]] <= 0), IF( Tabella01MarzoInverter[[#This Row],[TX3 - Average Power]:[TX3 - Average Power]] > 0, Tabella01MarzoInverter[[#This Row],[TX3 - Average Power]:[TX3 - Average Power]] * 0.25, ($H23 / 1000) * AX$10 * $BN$4 * 0.25 ), 0 ) + IF( $N23 < 0.875, MAX(0, MIN(($H23 / 1000) * AX$10 * $BN$4, AX$11 * 0.876) - (AX$11 * $N23)) * 0.25, 0 )} -> 0 | AY23: {=IF( AND($H23 > $BN$7, Tabella01MarzoInverter[[#This Row],[Active power TX3-INV-5]] <= 0), IF( Tabella01MarzoInverter[[#This Row],[TX3 - Average Power]:[TX3 - Average Power]] > 0, Tabella01MarzoInverter[[#This Row],[TX3 - Average Power]:[TX3 - Average Power]] * 0.25, ($H23 / 1000) * AY$10 * $BN$4 * 0.25 ), 0 ) + IF( $N23 < 0.875, MAX(0, MIN(($H23 / 1000) * AY$10 * $BN$4, AY$11 * 0.876) - (AY$11 * $N23)) * 0.25, 0 )} -> 0 | AZ23: {=IF( AND($H23 > $BN$7, Tabella01MarzoInverter[[#This Row],[Active power TX3-INV-6]] <= 0), IF( Tabella01MarzoInverter[[#This Row],[TX3 - Average Power]:[TX3 - Average Power]] > 0, Tabella01MarzoInverter[[#This Row],[TX3 - Average Power]:[TX3 - Average Power]] * 0.25, ($H23 / 1000) * AZ$10 * $BN$4 * 0.25 ), 0 ) + IF( $N23 < 0.875, MAX(0, MIN(($H23 / 1000) * AZ$10 * $BN$4, AZ$11 * 0.876) - (AZ$11 * $N23)) * 0.25, 0 )} -> 0 | BA23: {=IF( AND($H23 > $BN$7, Tabella01MarzoInverter[[#This Row],[Active power TX3-INV-7]] <= 0), IF( Tabella01MarzoInverter[[#This Row],[TX3 - Average Power]:[TX3 - Average Power]] > 0, Tabella01MarzoInverter[[#This Row],[TX3 - Average Power]:[TX3 - Average Power]] * 0.25, ($H23 / 1000) * BA$10 * $BN$4 * 0.25 ), 0 ) + IF( $N23 < 0.875, MAX(0, MIN(($H23 / 1000) * BA$10 * $BN$4, BA$11 * 0.876) - (BA$11 * $N23)) * 0.25, 0 )} -> 0 | BB23: {=IF( AND($H23 > $BN$7, Tabella01MarzoInverter[[#This Row],[Active power TX3-INV-8]] <= 0), IF( Tabella01MarzoInverter[[#This Row],[TX3 - Average Power]:[TX3 - Average Power]] > 0, Tabella01MarzoInverter[[#This Row],[TX3 - Average Power]:[TX3 - Average Power]] * 0.25, ($H23 / 1000) * BB$10 * $BN$4 * 0.25 ), 0 ) + IF( $N23 < 0.875, MAX(0, MIN(($H23 / 1000) * BB$10 * $BN$4, BB$11 * 0.876) - (BB$11 * $N23)) * 0.25, 0 )} -> 0 | BC23: {=IF( AND($H23 > $BN$7, Tabella01MarzoInverter[[#This Row],[Active power TX3-INV-9]] <= 0), IF( Tabella01MarzoInverter[[#This Row],[TX3 - Average Power]:[TX3 - Average Power]] > 0, Tabella01MarzoInverter[[#This Row],[TX3 - Average Power]:[TX3 - Average Power]] * 0.25, ($H23 / 1000) * BC$10 * $BN$4 * 0.25 ), 0 ) + IF( $N23 < 0.875, MAX(0, MIN(($H23 / 1000) * BC$10 * $BN$4, BC$11 * 0.876) - (BC$11 * $N23)) * 0.25, 0 )} -> 0 | BD23: {=IF( AND($H23 > $BN$7, Tabella01MarzoInverter[[#This Row],[Active power TX3-INV-10]] <= 0), IF( Tabella01MarzoInverter[[#This Row],[TX3 - Average Power]:[TX3 - Average Power]] > 0, Tabella01MarzoInverter[[#This Row],[TX3 - Average Power]:[TX3 - Average Power]] * 0.25, ($H23 / 1000) * BD$10 * $BN$4 * 0.25 ), 0 ) + IF( $N23 < 0.875, MAX(0, MIN(($H23 / 1000) * BD$10 * $BN$4, BD$11 * 0.876) - (BD$11 * $N23)) * 0.25, 0 )} -> 0 | BE23: {=IF( AND($H23 > $BN$7, Tabella01MarzoInverter[[#This Row],[Active power TX3-INV-11]] <= 0), IF( Tabella01MarzoInverter[[#This Row],[TX3 - Average Power]:[TX3 - Average Power]] > 0, Tabella01MarzoInverter[[#This Row],[TX3 - Average Power]:[TX3 - Average Power]] * 0.25, ($H23 / 1000) * BE$10 * $BN$4 * 0.25 ), 0 ) + IF( $N23 < 0.875, MAX(0, MIN(($H23 / 1000) * BE$10 * $BN$4, BE$11 * 0.876) - (BE$11 * $N23)) * 0.25, 0 )} -> 0 | BF23: {=IF( AND($H23 > $BN$7, Tabella01MarzoInverter[[#This Row],[Active power TX3-INV-12]] <= 0), IF( Tabella01MarzoInverter[[#This Row],[TX3 - Average Power]:[TX3 - Average Power]] > 0, Tabella01MarzoInverter[[#This Row],[TX3 - Average Power]:[TX3 - Average Power]] * 0.25, ($H23 / 1000) * BF$10 * $BN$4 * 0.25 ), 0 ) + IF( $N23 < 0.875, MAX(0, MIN(($H23 / 1000) * BF$10 * $BN$4, BF$11 * 0.876) - (BF$11 * $N23)) * 0.25, 0 )} -> 0 | BG23: =AVERAGE(TabellaMar2026[[#This Row],[Colonna55]:[Colonna53]]) -> 0 | BH23: =MAX(TabellaMar2026[[#This Row],[Colonna55]:[Colonna53]]) -> 0 | BI23: =MIN(TabellaMar2026[[#This Row],[Colonna55]:[Colonna53]]) -> 0 | BJ23: =SUM(TabellaMar2026[[#This Row],[Colonna54]:[Colonna53]]) -> 0 | BK23: =(SUM(Tabella01MarzoInverter[[Active power TX1-INV-1]:[Active power TX3-INV-12]]) * 0.25) / (12625 * (SUM($G$15:$H$110) * 0.25 / 1000)) -> 1.0142296
A24: 46147 | B24: 02:15:00.000 | C24: -0.4 | D24: -0.0001 | E24: 0 | F24: 0 | G24: =IFERROR((D24+F24)/2, 0) -> -5e-05 | H24: =IFERROR(IF(AVERAGE(C24,E24)>$BN$7,AVERAGE(C24,E24),0), 0) -> 0 | I24: =IFERROR(IF(AND(D24=0,F24=0),0,IF(H24>$BN$6,MAX(D24,F24),G24)), 0) -> -5e-05 | J24: =IFERROR(IF(AND(D24>0,F24>0),ABS(D24-F24)/AVERAGE(D24,F24),0), 0) -> 0 | K24: 30386.2 | L24: 30386.2 | M24: =IFERROR((L24-K24)*1000, 0) -> 0 | N24: 0.876 | O24: {=IF( AND($H24 > $BN$7, Tabella01MarzoInverter[[#This Row],[Active power TX1-INV-1]] <= 0), IF( Tabella01MarzoInverter[[#This Row],[TX1 - Average Power]:[TX1 - Average Power]] > 0, Tabella01MarzoInverter[[#This Row],[TX1 - Average Power]:[TX1 - Average Power]] * 0.25, ($H24 / 1000) * O$10 * $BN$4 * 0.25 ), 0 ) + IF( $N24 < 0.875, MAX(0, MIN(($H24 / 1000) * O$10 * $BN$4, O$11 * 0.876) - (O$11 * $N24)) * 0.25, 0 )} -> 0 | P24: {=IF( AND($H24 > $BN$7, Tabella01MarzoInverter[[#This Row],[Active power TX1-INV-2]] <= 0), IF( Tabella01MarzoInverter[[#This Row],[TX1 - Average Power]:[TX1 - Average Power]] > 0, Tabella01MarzoInverter[[#This Row],[TX1 - Average Power]:[TX1 - Average Power]] * 0.25, ($H24 / 1000) * P$10 * $BN$4 * 0.25 ), 0 ) + IF( $N24 < 0.875, MAX(0, MIN(($H24 / 1000) * P$10 * $BN$4, P$11 * 0.876) - (P$11 * $N24)) * 0.25, 0 )} -> 0 | Q24: {=IF( AND($H24 > $BN$7, Tabella01MarzoInverter[[#This Row],[Active power TX1-INV-3]] <= 0), IF( Tabella01MarzoInverter[[#This Row],[TX1 - Average Power]:[TX1 - Average Power]] > 0, Tabella01MarzoInverter[[#This Row],[TX1 - Average Power]:[TX1 - Average Power]] * 0.25, ($H24 / 1000) * Q$10 * $BN$4 * 0.25 ), 0 ) + IF( $N24 < 0.875, MAX(0, MIN(($H24 / 1000) * Q$10 * $BN$4, Q$11 * 0.876) - (Q$11 * $N24)) * 0.25, 0 )} -> 0 | R24: {=IF( AND($H24 > $BN$7, Tabella01MarzoInverter[[#This Row],[Active power TX1-INV-4]] <= 0), IF( Tabella01MarzoInverter[[#This Row],[TX1 - Average Power]:[TX1 - Average Power]] > 0, Tabella01MarzoInverter[[#This Row],[TX1 - Average Power]:[TX1 - Average Power]] * 0.25, ($H24 / 1000) * R$10 * $BN$4 * 0.25 ), 0 ) + IF( $N24 < 0.875, MAX(0, MIN(($H24 / 1000) * R$10 * $BN$4, R$11 * 0.876) - (R$11 * $N24)) * 0.25, 0 )} -> 0 | S24: {=IF( AND($H24 > $BN$7, Tabella01MarzoInverter[[#This Row],[Active power TX1-INV-5]] <= 0), IF( Tabella01MarzoInverter[[#This Row],[TX1 - Average Power]:[TX1 - Average Power]] > 0, Tabella01MarzoInverter[[#This Row],[TX1 - Average Power]:[TX1 - Average Power]] * 0.25, ($H24 / 1000) * S$10 * $BN$4 * 0.25 ), 0 ) + IF( $N24 < 0.875, MAX(0, MIN(($H24 / 1000) * S$10 * $BN$4, S$11 * 0.876) - (S$11 * $N24)) * 0.25, 0 )} -> 0 | T24: {=IF( AND($H24 > $BN$7, Tabella01MarzoInverter[[#This Row],[Active power TX1-INV-6]] <= 0), IF( Tabella01MarzoInverter[[#This Row],[TX1 - Average Power]:[TX1 - Average Power]] > 0, Tabella01MarzoInverter[[#This Row],[TX1 - Average Power]:[TX1 - Average Power]] * 0.25, ($H24 / 1000) * T$10 * $BN$4 * 0.25 ), 0 ) + IF( $N24 < 0.875, MAX(0, MIN(($H24 / 1000) * T$10 * $BN$4, T$11 * 0.876) - (T$11 * $N24)) * 0.25, 0 )} -> 0 | U24: {=IF( AND($H24 > $BN$7, Tabella01MarzoInverter[[#This Row],[Active power TX1-INV-7]] <= 0), IF( Tabella01MarzoInverter[[#This Row],[TX1 - Average Power]:[TX1 - Average Power]] > 0, Tabella01MarzoInverter[[#This Row],[TX1 - Average Power]:[TX1 - Average Power]] * 0.25, ($H24 / 1000) * U$10 * $BN$4 * 0.25 ), 0 ) + IF( $N24 < 0.875, MAX(0, MIN(($H24 / 1000) * U$10 * $BN$4, U$11 * 0.876) - (U$11 * $N24)) * 0.25, 0 )} -> 0 | V24: {=IF( AND($H24 > $BN$7, Tabella01MarzoInverter[[#This Row],[Active power TX1-INV-8]] <= 0), IF( Tabella01MarzoInverter[[#This Row],[TX1 - Average Power]:[TX1 - Average Power]] > 0, Tabella01MarzoInverter[[#This Row],[TX1 - Average Power]:[TX1 - Average Power]] * 0.25, ($H24 / 1000) * V$10 * $BN$4 * 0.25 ), 0 ) + IF( $N24 < 0.875, MAX(0, MIN(($H24 / 1000) * V$10 * $BN$4, V$11 * 0.876) - (V$11 * $N24)) * 0.25, 0 )} -> 0 | W24: {=IF( AND($H24 > $BN$7, Tabella01MarzoInverter[[#This Row],[Active power TX1-INV-9]] <= 0), IF( Tabella01MarzoInverter[[#This Row],[TX1 - Average Power]:[TX1 - Average Power]] > 0, Tabella01MarzoInverter[[#This Row],[TX1 - Average Power]:[TX1 - Average Power]] * 0.25, ($H24 / 1000) * W$10 * $BN$4 * 0.25 ), 0 ) + IF( $N24 < 0.875, MAX(0, MIN(($H24 / 1000) * W$10 * $BN$4, W$11 * 0.876) - (W$11 * $N24)) * 0.25, 0 )} -> 0 | X24: {=IF( AND($H24 > $BN$7, Tabella01MarzoInverter[[#This Row],[Active power TX1-INV-10]] <= 0), IF( Tabella01MarzoInverter[[#This Row],[TX1 - Average Power]:[TX1 - Average Power]] > 0, Tabella01MarzoInverter[[#This Row],[TX1 - Average Power]:[TX1 - Average Power]] * 0.25, ($H24 / 1000) * X$10 * $BN$4 * 0.25 ), 0 ) + IF( $N24 < 0.875, MAX(0, MIN(($H24 / 1000) * X$10 * $BN$4, X$11 * 0.876) - (X$11 * $N24)) * 0.25, 0 )} -> 0 | Y24: {=IF( AND($H24 > $BN$7, Tabella01MarzoInverter[[#This Row],[Active power TX1-INV-11]] <= 0), IF( Tabella01MarzoInverter[[#This Row],[TX1 - Average Power]:[TX1 - Average Power]] > 0, Tabella01MarzoInverter[[#This Row],[TX1 - Average Power]:[TX1 - Average Power]] * 0.25, ($H24 / 1000) * Y$10 * $BN$4 * 0.25 ), 0 ) + IF( $N24 < 0.875, MAX(0, MIN(($H24 / 1000) * Y$10 * $BN$4, Y$11 * 0.876) - (Y$11 * $N24)) * 0.25, 0 )} -> 0 | Z24: {=IF( AND($H24 > $BN$7, Tabella01MarzoInverter[[#This Row],[Active power TX1-INV-12]] <= 0), IF( Tabella01MarzoInverter[[#This Row],[TX1 - Average Power]:[TX1 - Average Power]] > 0, Tabella01MarzoInverter[[#This Row],[TX1 - Average Power]:[TX1 - Average Power]] * 0.25, ($H24 / 1000) * Z$10 * $BN$4 * 0.25 ), 0 ) + IF( $N24 < 0.875, MAX(0, MIN(($H24 / 1000) * Z$10 * $BN$4, Z$11 * 0.876) - (Z$11 * $N24)) * 0.25, 0 )} -> 0 | AA24: =AVERAGE(TabellaMar2026[[#This Row],[Colonna24]:[Colonna20]]) -> 0 | AB24: =MAX(TabellaMar2026[[#This Row],[Colonna24]:[Colonna20]]) -> 0 | AC24: =MIN(TabellaMar2026[[#This Row],[Colonna24]:[Colonna20]]) -> 0 | AD24: =SUM(TabellaMar2026[[#This Row],[Colonna24]:[Colonna20]]) -> 0 | AE24: =IF( AND($H24 > $BN$7, Tabella01MarzoInverter[[#This Row],[Active power TX2-INV-1]] <= 0, Tabella01MarzoInverter[[#This Row],[TX2 - Average Power]] <= 0), MIN(($H24 / 1000) * AE$10 * $BN$4, AE$11 * 0.876) * 0.25, IF( AND($H24 > $BN$7, Tabella01MarzoInverter[[#This Row],[Active power TX2-INV-1]] <= 0), Tabella01MarzoInverter[[#This Row],[TX2 - Average Power]] * 0.25, 0 ) + IF( $N24 < 0.875, MAX(0, MIN(($H24 / 1000) * AE$10 * $BN$4, AE$11 * 0.876) - (AE$11 * $N24)) * 0.25, 0 ) ) -> 0 | AF24: =IF( AND($H24 > $BN$7, Tabella01MarzoInverter[[#This Row],[Active power TX2-INV-2]] <= 0, Tabella01MarzoInverter[[#This Row],[TX2 - Max Power]] <= 0), MIN(($H24 / 1000) * AF$10 * $BN$4, AF$11 * 0.876) * 0.25, IF( AND($H24 > $BN$7, Tabella01MarzoInverter[[#This Row],[Active power TX2-INV-2]] <= 0), Tabella01MarzoInverter[[#This Row],[TX2 - Max Power]] * 0.25, 0 ) + IF( $N24 < 0.875, MAX(0, MIN(($H24 / 1000) * AF$10 * $BN$4, AF$11 * 0.876) - (AF$11 * $N24)) * 0.25, 0 ) ) -> 0 | AG24: =IF( AND($H24 > $BN$7, Tabella01MarzoInverter[[#This Row],[Active power TX2-INV-3]] <= 0, Tabella01MarzoInverter[[#This Row],[TX2 - Min Power]] <= 0), MIN(($H24 / 1000) * AG$10 * $BN$4, AG$11 * 0.876) * 0.25, IF( AND($H24 > $BN$7, Tabella01MarzoInverter[[#This Row],[Active power TX2-INV-3]] <= 0), Tabella01MarzoInverter[[#This Row],[TX2 - Min Power]] * 0.25, 0 ) + IF( $N24 < 0.875, MAX(0, MIN(($H24 / 1000) * AG$10 * $BN$4, AG$11 * 0.876) - (AG$11 * $N24)) * 0.25, 0 ) ) -> 0 | AH24: =IF( AND($H24 > $BN$7, Tabella01MarzoInverter[[#This Row],[Active power TX2-INV-4]] <= 0, Tabella01MarzoInverter[[#This Row],[Active power TX3-INV-1]] <= 0), MIN(($H24 / 1000) * AH$10 * $BN$4, AH$11 * 0.876) * 0.25, IF( AND($H24 > $BN$7, Tabella01MarzoInverter[[#This Row],[Active power TX2-INV-4]] <= 0), Tabella01MarzoInverter[[#This Row],[Active power TX3-INV-1]] * 0.25, 0 ) + IF( $N24 < 0.875, MAX(0, MIN(($H24 / 1000) * AH$10 * $BN$4, AH$11 * 0.876) - (AH$11 * $N24)) * 0.25, 0 ) ) -> 0 | AI24: =IF( AND($H24 > $BN$7, Tabella01MarzoInverter[[#This Row],[Active power TX2-INV-5]] <= 0, Tabella01MarzoInverter[[#This Row],[Active power TX3-INV-2]] <= 0), MIN(($H24 / 1000) * AI$10 * $BN$4, AI$11 * 0.876) * 0.25, IF( AND($H24 > $BN$7, Tabella01MarzoInverter[[#This Row],[Active power TX2-INV-5]] <= 0), Tabella01MarzoInverter[[#This Row],[Active power TX3-INV-2]] * 0.25, 0 ) + IF( $N24 < 0.875, MAX(0, MIN(($H24 / 1000) * AI$10 * $BN$4, AI$11 * 0.876) - (AI$11 * $N24)) * 0.25, 0 ) ) -> 0 | AJ24: =IF( AND($H24 > $BN$7, Tabella01MarzoInverter[[#This Row],[Active power TX2-INV-6]] <= 0, Tabella01MarzoInverter[[#This Row],[Active power TX3-INV-3]] <= 0), MIN(($H24 / 1000) * AJ$10 * $BN$4, AJ$11 * 0.876) * 0.25, IF( AND($H24 > $BN$7, Tabella01MarzoInverter[[#This Row],[Active power TX2-INV-6]] <= 0), Tabella01MarzoInverter[[#This Row],[Active power TX3-INV-3]] * 0.25, 0 ) + IF( $N24 < 0.875, MAX(0, MIN(($H24 / 1000) * AJ$10 * $BN$4, AJ$11 * 0.876) - (AJ$11 * $N24)) * 0.25, 0 ) ) -> 0 | AK24: =IF( AND($H24 > $BN$7, Tabella01MarzoInverter[[#This Row],[Active power TX2-INV-7]] <= 0, Tabella01MarzoInverter[[#This Row],[Active power TX3-INV-4]] <= 0), MIN(($H24 / 1000) * AK$10 * $BN$4, AK$11 * 0.876) * 0.25, IF( AND($H24 > $BN$7, Tabella01MarzoInverter[[#This Row],[Active power TX2-INV-7]] <= 0), Tabella01MarzoInverter[[#This Row],[Active power TX3-INV-4]] * 0.25, 0 ) + IF( $N24 < 0.875, MAX(0, MIN(($H24 / 1000) * AK$10 * $BN$4, AK$11 * 0.876) - (AK$11 * $N24)) * 0.25, 0 ) ) -> 0 | AL24: =IF( AND($H24 > $BN$7, Tabella01MarzoInverter[[#This Row],[Active power TX2-INV-8]] <= 0, Tabella01MarzoInverter[[#This Row],[Active power TX3-INV-5]] <= 0), MIN(($H24 / 1000) * AL$10 * $BN$4, AL$11 * 0.876) * 0.25, IF( AND($H24 > $BN$7, Tabella01MarzoInverter[[#This Row],[Active power TX2-INV-8]] <= 0), Tabella01MarzoInverter[[#This Row],[Active power TX3-INV-5]] * 0.25, 0 ) + IF( $N24 < 0.875, MAX(0, MIN(($H24 / 1000) * AL$10 * $BN$4, AL$11 * 0.876) - (AL$11 * $N24)) * 0.25, 0 ) ) -> 0 | AM24: =IF( AND($H24 > $BN$7, Tabella01MarzoInverter[[#This Row],[Active power TX2-INV-9]] <= 0, Tabella01MarzoInverter[[#This Row],[Active power TX3-INV-6]] <= 0), MIN(($H24 / 1000) * AM$10 * $BN$4, AM$11 * 0.876) * 0.25, IF( AND($H24 > $BN$7, Tabella01MarzoInverter[[#This Row],[Active power TX2-INV-9]] <= 0), Tabella01MarzoInverter[[#This Row],[Active power TX3-INV-6]] * 0.25, 0 ) + IF( $N24 < 0.875, MAX(0, MIN(($H24 / 1000) * AM$10 * $BN$4, AM$11 * 0.876) - (AM$11 * $N24)) * 0.25, 0 ) ) -> 0 | AN24: =IF( AND($H24 > $BN$7, Tabella01MarzoInverter[[#This Row],[Active power TX2-INV-10]] <= 0, Tabella01MarzoInverter[[#This Row],[Active power TX3-INV-7]] <= 0), MIN(($H24 / 1000) * AN$10 * $BN$4, AN$11 * 0.876) * 0.25, IF( AND($H24 > $BN$7, Tabella01MarzoInverter[[#This Row],[Active power TX2-INV-10]] <= 0), Tabella01MarzoInverter[[#This Row],[Active power TX3-INV-7]] * 0.25, 0 ) + IF( $N24 < 0.875, MAX(0, MIN(($H24 / 1000) * AN$10 * $BN$4, AN$11 * 0.876) - (AN$11 * $N24)) * 0.25, 0 ) ) -> 0 | AO24: =IF( AND($H24 > $BN$7, Tabella01MarzoInverter[[#This Row],[Active power TX2-INV-11]] <= 0, Tabella01MarzoInverter[[#This Row],[Active power TX3-INV-8]] <= 0), MIN(($H24 / 1000) * AO$10 * $BN$4, AO$11 * 0.876) * 0.25, IF( AND($H24 > $BN$7, Tabella01MarzoInverter[[#This Row],[Active power TX2-INV-11]] <= 0), Tabella01MarzoInverter[[#This Row],[Active power TX3-INV-8]] * 0.25, 0 ) + IF( $N24 < 0.875, MAX(0, MIN(($H24 / 1000) * AO$10 * $BN$4, AO$11 * 0.876) - (AO$11 * $N24)) * 0.25, 0 ) ) -> 0 | AP24: =IF( AND($H24 > $BN$7, Tabella01MarzoInverter[[#This Row],[Active power TX2-INV-12]] <= 0, Tabella01MarzoInverter[[#This Row],[Active power TX3-INV-9]] <= 0), MIN(($H24 / 1000) * AP$10 * $BN$4, AP$11 * 0.876) * 0.25, IF( AND($H24 > $BN$7, Tabella01MarzoInverter[[#This Row],[Active power TX2-INV-12]] <= 0), Tabella01MarzoInverter[[#This Row],[Active power TX3-INV-9]] * 0.25, 0 ) + IF( $N24 < 0.875, MAX(0, MIN(($H24 / 1000) * AP$10 * $BN$4, AP$11 * 0.876) - (AP$11 * $N24)) * 0.25, 0 ) ) -> 0 | AQ24: =AVERAGE(TabellaMar2026[[#This Row],[Colonna39]:[Colonna6]]) -> 0 | AR24: =MAX(TabellaMar2026[[#This Row],[Colonna39]:[Colonna6]]) -> 0 | AS24: =MIN(TabellaMar2026[[#This Row],[Colonna39]:[Colonna6]]) -> 0 | AT24: =SUM(TabellaMar2026[[#This Row],[Colonna39]:[Colonna6]]) -> 0 | AU24: {=IF( AND($H24 > $BN$7, Tabella01MarzoInverter[[#This Row],[Active power TX3-INV-1]] <= 0), IF( Tabella01MarzoInverter[[#This Row],[TX3 - Average Power]:[TX3 - Average Power]] > 0, Tabella01MarzoInverter[[#This Row],[TX3 - Average Power]:[TX3 - Average Power]] * 0.25, ($H24 / 1000) * AU$10 * $BN$4 * 0.25 ), 0 ) + IF( $N24 < 0.875, MAX(0, MIN(($H24 / 1000) * AU$10 * $BN$4, AU$11 * 0.876) - (AU$11 * $N24)) * 0.25, 0 )} -> 0 | AV24: {=IF( AND($H24 > $BN$7, Tabella01MarzoInverter[[#This Row],[Active power TX3-INV-2]] <= 0), IF( Tabella01MarzoInverter[[#This Row],[TX3 - Average Power]:[TX3 - Average Power]] > 0, Tabella01MarzoInverter[[#This Row],[TX3 - Average Power]:[TX3 - Average Power]] * 0.25, ($H24 / 1000) * AV$10 * $BN$4 * 0.25 ), 0 ) + IF( $N24 < 0.875, MAX(0, MIN(($H24 / 1000) * AV$10 * $BN$4, AV$11 * 0.876) - (AV$11 * $N24)) * 0.25, 0 )} -> 0 | AW24: {=IF( AND($H24 > $BN$7, Tabella01MarzoInverter[[#This Row],[Active power TX3-INV-3]] <= 0), IF( Tabella01MarzoInverter[[#This Row],[TX3 - Average Power]:[TX3 - Average Power]] > 0, Tabella01MarzoInverter[[#This Row],[TX3 - Average Power]:[TX3 - Average Power]] * 0.25, ($H24 / 1000) * AW$10 * $BN$4 * 0.25 ), 0 ) + IF( $N24 < 0.875, MAX(0, MIN(($H24 / 1000) * AW$10 * $BN$4, AW$11 * 0.876) - (AW$11 * $N24)) * 0.25, 0 )} -> 0 | AX24: {=IF( AND($H24 > $BN$7, Tabella01MarzoInverter[[#This Row],[Active power TX3-INV-4]] <= 0), IF( Tabella01MarzoInverter[[#This Row],[TX3 - Average Power]:[TX3 - Average Power]] > 0, Tabella01MarzoInverter[[#This Row],[TX3 - Average Power]:[TX3 - Average Power]] * 0.25, ($H24 / 1000) * AX$10 * $BN$4 * 0.25 ), 0 ) + IF( $N24 < 0.875, MAX(0, MIN(($H24 / 1000) * AX$10 * $BN$4, AX$11 * 0.876) - (AX$11 * $N24)) * 0.25, 0 )} -> 0 | AY24: {=IF( AND($H24 > $BN$7, Tabella01MarzoInverter[[#This Row],[Active power TX3-INV-5]] <= 0), IF( Tabella01MarzoInverter[[#This Row],[TX3 - Average Power]:[TX3 - Average Power]] > 0, Tabella01MarzoInverter[[#This Row],[TX3 - Average Power]:[TX3 - Average Power]] * 0.25, ($H24 / 1000) * AY$10 * $BN$4 * 0.25 ), 0 ) + IF( $N24 < 0.875, MAX(0, MIN(($H24 / 1000) * AY$10 * $BN$4, AY$11 * 0.876) - (AY$11 * $N24)) * 0.25, 0 )} -> 0 | AZ24: {=IF( AND($H24 > $BN$7, Tabella01MarzoInverter[[#This Row],[Active power TX3-INV-6]] <= 0), IF( Tabella01MarzoInverter[[#This Row],[TX3 - Average Power]:[TX3 - Average Power]] > 0, Tabella01MarzoInverter[[#This Row],[TX3 - Average Power]:[TX3 - Average Power]] * 0.25, ($H24 / 1000) * AZ$10 * $BN$4 * 0.25 ), 0 ) + IF( $N24 < 0.875, MAX(0, MIN(($H24 / 1000) * AZ$10 * $BN$4, AZ$11 * 0.876) - (AZ$11 * $N24)) * 0.25, 0 )} -> 0 | BA24: {=IF( AND($H24 > $BN$7, Tabella01MarzoInverter[[#This Row],[Active power TX3-INV-7]] <= 0), IF( Tabella01MarzoInverter[[#This Row],[TX3 - Average Power]:[TX3 - Average Power]] > 0, Tabella01MarzoInverter[[#This Row],[TX3 - Average Power]:[TX3 - Average Power]] * 0.25, ($H24 / 1000) * BA$10 * $BN$4 * 0.25 ), 0 ) + IF( $N24 < 0.875, MAX(0, MIN(($H24 / 1000) * BA$10 * $BN$4, BA$11 * 0.876) - (BA$11 * $N24)) * 0.25, 0 )} -> 0 | BB24: {=IF( AND($H24 > $BN$7, Tabella01MarzoInverter[[#This Row],[Active power TX3-INV-8]] <= 0), IF( Tabella01MarzoInverter[[#This Row],[TX3 - Average Power]:[TX3 - Average Power]] > 0, Tabella01MarzoInverter[[#This Row],[TX3 - Average Power]:[TX3 - Average Power]] * 0.25, ($H24 / 1000) * BB$10 * $BN$4 * 0.25 ), 0 ) + IF( $N24 < 0.875, MAX(0, MIN(($H24 / 1000) * BB$10 * $BN$4, BB$11 * 0.876) - (BB$11 * $N24)) * 0.25, 0 )} -> 0 | BC24: {=IF( AND($H24 > $BN$7, Tabella01MarzoInverter[[#This Row],[Active power TX3-INV-9]] <= 0), IF( Tabella01MarzoInverter[[#This Row],[TX3 - Average Power]:[TX3 - Average Power]] > 0, Tabella01MarzoInverter[[#This Row],[TX3 - Average Power]:[TX3 - Average Power]] * 0.25, ($H24 / 1000) * BC$10 * $BN$4 * 0.25 ), 0 ) + IF( $N24 < 0.875, MAX(0, MIN(($H24 / 1000) * BC$10 * $BN$4, BC$11 * 0.876) - (BC$11 * $N24)) * 0.25, 0 )} -> 0 | BD24: {=IF( AND($H24 > $BN$7, Tabella01MarzoInverter[[#This Row],[Active power TX3-INV-10]] <= 0), IF( Tabella01MarzoInverter[[#This Row],[TX3 - Average Power]:[TX3 - Average Power]] > 0, Tabella01MarzoInverter[[#This Row],[TX3 - Average Power]:[TX3 - Average Power]] * 0.25, ($H24 / 1000) * BD$10 * $BN$4 * 0.25 ), 0 ) + IF( $N24 < 0.875, MAX(0, MIN(($H24 / 1000) * BD$10 * $BN$4, BD$11 * 0.876) - (BD$11 * $N24)) * 0.25, 0 )} -> 0 | BE24: {=IF( AND($H24 > $BN$7, Tabella01MarzoInverter[[#This Row],[Active power TX3-INV-11]] <= 0), IF( Tabella01MarzoInverter[[#This Row],[TX3 - Average Power]:[TX3 - Average Power]] > 0, Tabella01MarzoInverter[[#This Row],[TX3 - Average Power]:[TX3 - Average Power]] * 0.25, ($H24 / 1000) * BE$10 * $BN$4 * 0.25 ), 0 ) + IF( $N24 < 0.875, MAX(0, MIN(($H24 / 1000) * BE$10 * $BN$4, BE$11 * 0.876) - (BE$11 * $N24)) * 0.25, 0 )} -> 0 | BF24: {=IF( AND($H24 > $BN$7, Tabella01MarzoInverter[[#This Row],[Active power TX3-INV-12]] <= 0), IF( Tabella01MarzoInverter[[#This Row],[TX3 - Average Power]:[TX3 - Average Power]] > 0, Tabella01MarzoInverter[[#This Row],[TX3 - Average Power]:[TX3 - Average Power]] * 0.25, ($H24 / 1000) * BF$10 * $BN$4 * 0.25 ), 0 ) + IF( $N24 < 0.875, MAX(0, MIN(($H24 / 1000) * BF$10 * $BN$4, BF$11 * 0.876) - (BF$11 * $N24)) * 0.25, 0 )} -> 0 | BG24: =AVERAGE(TabellaMar2026[[#This Row],[Colonna55]:[Colonna53]]) -> 0 | BH24: =MAX(TabellaMar2026[[#This Row],[Colonna55]:[Colonna53]]) -> 0 | BI24: =MIN(TabellaMar2026[[#This Row],[Colonna55]:[Colonna53]]) -> 0 | BJ24: =SUM(TabellaMar2026[[#This Row],[Colonna54]:[Colonna53]]) -> 0 | BK24: =(SUM(Tabella01MarzoInverter[[Active power TX1-INV-1]:[Active power TX3-INV-12]]) * 0.25) / (12625 * (SUM($G$15:$H$110) * 0.25 / 1000)) -> 1.0142296
